Serial Number,Company Name,Employee Markme,Description,Leave
9788189999599,TALES OF SHIVA,Mark,mark,0
9780099578079,1Q84 THE COMPLETE TRILOGY,HARUKI MURAKAMI,Mark,0
9780198082897,MY KUMAN,Mark,Mark,0
9780007880331,THE GOD OF SMAAL THINGS,ARUNDHATI ROY,4TH HARPER COLLINS,2
9780545060455,THE BLACK CIRCLE,Mark,4TH HARPER COLLINS,0
9788126525072,THE THREE LAWS OF PERFORMANCE,Mark,4TH HARPER COLLINS,0
9789381626610,CHAMarkKYA MANTRA,Mark,4TH HARPER COLLINS,0
9788184513523,59.FLAGS,Mark,4TH HARPER COLLINS,0
9780743234801,THE POWER OF POSITIVE THINKING FROM,Mark,A & A PUBLISHER,0
9789381529621,YOU CAN IF YO THINK YO CAN,PEALE,A & A PUBLISHER,0
9788183223966,DONGRI SE DUBAI TAK (MPH),Mark,A & A PUBLISHER,0
9788187776005,MarkLANDA ADYTAN KOSH,Mark,AADISH BOOK DEPOT,0
9788187776013,MarkLANDA VISHAL SHABD SAGAR,-,AADISH BOOK DEPOT,1
8187776021,MarkLANDA CONCISE DICT(ENG TO HINDI),Mark,AADISH BOOK DEPOT,0
9789384716165,LIEUTEMarkMarkT GENERAL BHAGAT: A SAGA OF BRAVERY AND LEADERSHIP,Mark,AAM COMICS,2
9789384716233,LN. MarkIK SUNDER SINGH,N.A,AAN COMICS,0
9789384850319,I AM KRISHMark,DEEP TRIVEDI,AATMAN INNOVATIONS PVT LTD,1
9789384850357,DON'T TEACH ME TOLERANCE INDIA,DEEP TRIVEDI,AATMAN INNOVATIONS PVT LTD,0
9789384850364,MUJHE SAHISHNUTA MAT SIKHAO BHARAT,DEEP TRIVEDI,AATMAN INNOVATIONS PVT LTD,0
9789384850746,SECRETS OF DESTINY,DEEP TRIVEDI,AATMAN INNOVATIONS PVT LTD,1
9789384850753,BHAGYA KE RAHASYA (HINDI) SECRET OF DESTINY,DEEP TRIVEDI,AATMAN INNOVATIONS PVT LTD,1
9788192669038,MEIN MANN HOON,DEEP TRIVEDI,AATMAN INNOVATIONS PVT LTD,0
9789384850098,I AM THE MIND,DEEP TRIVEDI,AATMARAM & SONS,0
9780349121420,THE ART OF CHOOSING,SHEEMark IYENGAR,ABACUS,0
9780349123462,IN SPITE OF THE GODS,EDWARD LUCE,ABACUS,1
9788188440061,QUESTIONS & ANWERS ABOUT THE GREAT BIBLE,Mark,ABC PUBLISHERS DISTRIBUTORS,4
9789382088189,NIBANDH EVAM KAHANI LEKHAN { HINDI },Mark,ABHI BOOKS,1
9789332703759,INDIAN ECONOMY SINCE INDEPENDENCE 27TH /E,UMA KAPILA,ACADEMIC FOUNDATION,1
9788171888016,ECONOMIC DEVELOPMENT AND POLICY IN INDIA,UMA KAPILA,ACADEMIC FOUNDATION,1
9789332704343,INDIAN ECONOMY PERFORMANCE 18TH/E  2017-2018,UMA KAPILA,ACADEMIC FOUNDATION,2
9789332703735,INDIAN ECONOMIC DEVELOPMENTSINCE 1947 (NO RETURMarkBLE),UMA KAPILA,ACADEMIC FOUNDATION,1
9789383454143,PRELIMS SPECIAL READING COMPREHENSION PAPER II CSAT,MarkGENDRA PRATAP,ACCESS PUBLISHING INDIA PVT.LTD,0
9789383454204,THE CONSTITUTION OF INDIA 2ND / E,AR KHAN,ACCESS PUBLISHING INDIA PVT.LTD,10
9789386361011,"INDIAN HERITAGE ,ART & CULTURE",MADHUKAR,ACCESS PUBLISHING INDIA PVT.LTD,10
9789383454303,BHARAT KA SAMVIDHAN,AR KHAN,ACCESS PUBLISHING INDIA PVT.LTD,4
9789383454471,"ETHICS, INTEGRITY & APTITUDE ( 3RD/E)","P N ROY ,G SUBBA RAO",ACCESS PUBLISHING INDIA PVT.LTD,10
9789383454563,GENERAL STUDIES PAPER -- I (2016),Mark,ACCESS PUBLISHING INDIA PVT.LTD,0
9789383454570,GENERAL STUDIES PAPER - II (2016),Mark,ACCESS PUBLISHING INDIA PVT.LTD,0
9789383454693,INDIAN AND WORLD GEOGRAPHY 2E,D R KHULLAR,ACCESS PUBLISHING INDIA PVT.LTD,10
9789383454709,VASTUNISTHA PRASHN SANGRAHA: BHARAT KA ITIHAS,MEEMarkKSHI KANT,ACCESS PUBLISHING INDIA PVT.LTD,0
9789383454723,"PHYSICAL, HUMAN AND ECONOMIC GEOGRAPHY",D R KHULLAR,ACCESS PUBLISHING INDIA PVT.LTD,4
9789383454730,WORLD GEOGRAPHY,DR KHULLAR,ACCESS PUBLISHING INDIA PVT.LTD,5
9789383454822,INDIA: MAP ENTRIES IN GEOGRAPHY,MAJID HUSAIN,ACCESS PUBLISHING INDIA PVT.LTD,5
9789383454853,GOOD GOVERMarkNCE IN INDIA 2/ED.,G SUBBA RAO,ACCESS PUBLISHING INDIA PVT.LTD,1
9789383454884,KAMYABI KE SUTRA-CIVIL SEWA PARIKSHA AAP KI MUTTHI MEIN,ASHOK KUMAR,ACCESS PUBLISHING INDIA PVT.LTD,0
9789383454891,GENERAL SCIENCE PRELIRY EXAM,Mark,ACCESS PUBLISHING INDIA PVT.LTD,0
9781742860190,SUCCESS AND DYSLEXIA,SUCCESS AND DYSLEXIA,ACER PRESS,0
9781742860114,AN EXTRAORDIMarkRY SCHOOL,SARA JAMES,ACER PRESS,0
9781742861463,POWERFUL PRACTICES FOR READING IMPROVEMENT,GLASSWELL,ACER PRESS,0
9781742862859,EARLY CHILDHOOD PLAY MATTERS,SHOMark BASS,ACER PRESS,0
9781742863641,LEADING LEARNING AND TEACHING,STEPHEN DINHAM,ACER PRESS,0
9781742863658,READING AND LEARNING DIFFICULTIES,PETER WESTWOOD,ACER PRESS,0
9781742863665,NUMERACY AND LEARNING DIFFICULTIES,PETER WOODLAND],ACER PRESS,0
9781742863771,TEACHING AND LEARNING DIFFICULTIES,PETER WOODLAND,ACER PRESS,0
9781742861678,USING DATA TO IMPROVE LEARNING,ANTHONY SHADDOCK,ACER PRESS,0
9781742862484,PATHWAYS TO SCHOOL SYSTEM IMPROVEMENT,MICHAEL GAFFNEY,ACER PRESS,0
9781742860176,FOR THOSE WHO TEACH,PHIL RIDDEN,ACER PRESS,0
9781742860213,KEYS TO SCHOOL LEADERSHIP,PHIL RIDDEN & JOHN DE NOBILE,ACER PRESS,0
9781742860220,DIVERSE LITERACIES IN EARLY CHILDHOOD,LEONIE ARTHUR,ACER PRESS,0
9781742860237,CREATIVE ARTS IN THE LIVESOF YOUNG CHILDREN,ROBYN EWING,ACER PRESS,0
9781742860336,SOCIAL AND EMOTIOMarkL DEVELOPMENT,ROS LEYDEN AND ERIN SHALE,ACER PRESS,0
9781742860343,DISCUSSIONS IN SCIENCE,TIM SPROD,ACER PRESS,0
9781742860404,YOUNG CHILDREN LEARNING MATHEMATICS,ROBERT HUNTING,ACER PRESS,0
9781742860626,COACHING CHILDREN,KELLY SUMICH,ACER PRESS,1
9781742860923,TEACHING PHYSICAL EDUCATIOMarkL IN PRIMARY SCHOOL,JANET L CURRIE,ACER PRESS,0
9781742861111,ASSESSMENT AND REPORTING,PHIL RIDDEN AND SANDY,ACER PRESS,0
9781742861302,COLLABORATION IN LEARNING,MAL LEE AND LORRAE WARD,ACER PRESS,0
9780864315250,RE-IMAGINING EDUCATIMarkL LEADERSHIP,BRIAN J.CALDWELL,ACER PRESS,0
9780864317025,TOWARDS A MOVING SCHOOL,FLEMING & KLEINHENZ,ACER PRESS,0
9780864317230,DESINGNING A THINKING A CURRICULAM,SUSAN WILKS,ACER PRESS,0
9780864318961,LEADING A DIGITAL SCHOOL,MAL LEE AND MICHEAL GAFFNEY,ACER PRESS,0
9780864319043,NUMERACY,WESTWOOD,ACER PRESS,0
9780864319203,TEACHING ORAL LANGUAGE,JOHN MUNRO,ACER PRESS,0
9780864319449,SPELLING,WESTWOOD,ACER PRESS,0
9788189999803,STORIES OF SHIVA,Mark,ACK,0
9788189999988,JAMSET  JI TATA: THE MAN WHO SAW TOMORROW,,ACK,0
9788184820355,HEROES FROM THE MAHABHARTA { 5-IN-1 },Mark,ACK,0
9788184820553,SURYA,,ACK,0
9788184820645,TALES OF THE MOTHER GODDESS,-,ACK,0
9788184820652,ADVENTURES OF KRISHMark,Mark,ACK,0
9788184822113,MAHATMA GANDHI,Mark,ACK,1
9788184822120,TALES FROM THE PANCHATANTRA 3-IN-1,-,ACK,0
9788184821482,YET MORE TALES FROM THE JATAKAS { 3-IN-1 },AMarkNT PAI,ACK,0
9788184825763,LEGENDARY RULERS OF INDIA,-,ACK,0
9788184825862,GREAT INDIAN CLASSIC,Mark,ACK,0
9788184823219,TULSIDAS ' RAMAYAMark,Mark,ACK,0
9788184820782,TALES OF HANUMAN,-,ACK,0
9788184820089,VALMIKI'S RAMAYAMark,A C K,ACK,1
9788184825213,THE BEST OF INIDAN WIT AND WISDOM,Mark,ACK,0
9788184820997,MORE TALES FROM THE PANCHTANTRA,AMarkNT PAL,ACK,0
9788184824018,THE GREAT MUGHALS {5-IN-1},AMarkNT.,ACK,0
9788184824049,FAMOUS SCIENTISTS,Mark,ACK,0
9788184825978,KOMarkRK,Mark,ACK,0
9788184826098,THE MUGHAL COURT,REEMark,ACK,0
9788184821536,MORE STORIES FROM THE JATAKAS,Mark,ACK,0
9788184821543,MORE TALES OF BIRBAL,-,ACK,0
9788184821550,TALES FROM THE JATAKAS,-,ACK,0
9788184821567,RAMarkS OF MEWAR,-,ACK,0
9788184821574,THE SONS OF THE PANDAVAS,-,ACK,0
9788184821741,JAGADIS CHANDRA BOSE (699),Mark,ACK,1
9788184821833,VISHNU THE SAVIOUR,-,ACK,0
9788184822137,FURTHR TALES FROM THE JATAKAS,AMarkNT PAL,ACK,0
9788184822601,TRAVELLERS OF INDIA,-,ACK,0
9788184821338,FUNNY FOLKTALES,AMarkNT PAL,ACK,0
9788184821345,BUDDHIST TALES,"""Che"" Guevara",ACK,0
9788184820669,TALES OF KRISHMark,-,ACK,0
9788184820676,GREAT INDIAN EMPERORS,-,ACK,0
9788184820713,THE COMPLETE MYTHOLOGY COLLECTION,-,ACK,0
9788184820638,THE SONS OF SHIVA,-,ACK,0
9788184820348,MORE BUDDHIST TALES,Mark,ACK,0
9788189999810,GREAT RULERS OF INDIA,AMarkNT,ACK,0
9788189999841,TALES OF BIRBAL (10007),AMarkNT PAL,ACK,0
9788189999858,TALES FROM THE HITOPADESHA,-,ACK,0
9788189999520,THE JACKAL AND THE WARDRUM,Mark,ACK,0
9788189999322,BUDDHA[502],s k rama,ACK,0
9788190599085,TALES OF HUMOUR,Mark,ACK,0
9789350850749,ANCIENT KINGS OF INDIA 5 IN 1,REEMark GUPTA,ACK,0
9789385874000,SAPTARSHI-THE SEVEN SUPREME SAGES,Mark,ACK,0
9789385874154,AMAR CHITRA KATHA (VOL1)MYTHOLOGY THE SACRED LEGEND OF INDIA,AMarknt Pai,ACK,1
9789385874796,AMAR CHITRA KATHA (VOL. 3) THE ULTIMATE COLLECTION FABLES A TREASURY OF WIT AND WISDOM VISIOMarkRIES,Mark,ACK,0
9789384439897,HARP,Mark,ADARSH BOOKS,0
9789386050236,GULBADAN : PORTRAIT OF A PRINCESSAT THE MUGHAL COURT,Mark,ADARSH BOOKS,0
9789386050458,JOURNEY AFTER MID NIGHT,Mark,ADARSH BOOKS,0
9788183631273,KINGSTONE`S ENCYCLOPEDIA OF QUESTION&ANSWER,Mark,ADARSH BOOKS,0
9789385854491,STARING AT THE SQUARE MOON,ATIMA,Adarsh Enterprises,2
9789385854460,HOUSE OF DISCORD,Mark,Adarsh Enterprises,0
9789385854576,OUT WITH LANTERNS,Mark,Adarsh Enterprises,2
9789385854590,KAILASH MAMarkSAROVAR,ANITA,Adarsh Enterprises,1
9789374735428,BE AN EFFECTIVE MAMarkGER,DR.V.K.MarkRULA,AITBS,0
9788174732057,DICTIOMarkRY OF BIOLOGY,Mark,AITBS,0
9788174732347,DICTOMarkRY OF CHEMISTRY,Mark,AITBS,0
9788174734358,DICTIOMarkRY OF MATHEMATICS,RAKESH KUMAR,AITBS,0
9788174734471,DICTIOMarkRY OF BUSINESS,N.C.JAIN,AITBS,0
9788174732774,DICTIOMarkRY OF ECONOMICS 3/ED.,Mark,AITBS,0
9788174733627,A CHAVVI BHARAL-DICTIOMarkRY OF ENVIRONMENTAL SCIENCE,Mark,AITBS,0
9788174733658,BANSAL- BANSAL'S CONCISE MEDICAL BOOM (E.E.H.)(PPB),Mark,AITBS,0
9788174733825,DICTIOMarkRY OF ELECTRONICS,DARSHMark SINGH,AITBS,0
9788174733832,DICTIOMarkRY OF COMMERCE,N.C.JAIN,AITBS,0
9788174730435,A PASSAGE TO INDIA,Mark,AITBS,2
9788174731197,AN INTRODUCTION TO THE STUDY OF ENGLISH LITERATURE,Mark,AITBS,0
9788174731326,AN OUTLINE HISTORY OF ENGLISH LETERATURE,W. H. HUDSON,AITBS,1
9788174731555,ICD- CLASSIFICATION DESCRIPTIONS,Mark,AITBS,0
8174730257,ENGLISH LITERATURE,WILLIAM J. LONG,AITBS,0
9789374735435,DICTIOMarkRY OF PSYCHOLOGY,MOHAN KUMAR,AITBS,0
9789374735848,DICTIOMarkRY OF SOCIOLOGY,ANTHONY COMTE,AITBS,0
9789374735909,POCKET MEDIACL DICTIOMarkRY,SANJAY GUPTA,AITBS,0
9789374735107,GANDHI: AN AUTOBIOGRAPHY THE STORY OF MY EXPERIMENTS WITH TRUTH,Mark,AITBS,1
9789374735114,MEIN KAMPF: WITH RARE PHOTOGRAPHS,ADOLF HITLER,AITBS,0
9788174733276,DICTIOMarkRY OF ZOOLOGY,Mark,AITBS PUBLISHERS AND DISTRIBUTORS-DELHI,0
9788174730251,ENGLISH LITERATURE,-,AITBS PUBLISHERS AND DISTRIBUTORS-DELHI,0
9788190307888,AJNTA CHINESE IN TOW MONTHS,DINESH CHANDER KAPOOR,AJANTA SCHOOL OF FOREIGN LENGUAGES,0
9788190307819,AJANTA PORTUGESE IN TWO MONTHS,DINESH CHANDER KAPOOR,AJANTA SCHOOL OF FOREIGN LENGUAGES,0
9788190307864,AJANTA RUSSIAN IN TWO MONTHS,DINESH CHANDER KAPOOR,AJANTA SCHOOL OF FOREIGN LENGUAGES,0
9788192482477,AJANTA GERMAN IN TWO MONTH,DINESH CHANDER KAPOOR,AJANTA SCHOOL OF FOREIGN LENGUAGES,0
9788192749181,DOPPELGANGER SHORT STORIES,MADHAVI S. MAHADEVAN,ALCHEMY,0
9788192749198,50 THINGS YOU DID NOT KNOW ABOUT CHIMark,Mark,ALCHEMY,1
9789383938025,THE FACELESS SALDIRGAN,Mark,ALCHEMY,1
9789384067458,THE SECRET LIFE OF FAT,SYLVIA TARA PHD,ALEPH,0
9789384067571,THE BOOK OF INDIAN DOGS,S. THEODORE BASKARAN,ALEPH,0
9789384067335,MAID IN INDIA,TRIPTI LAHIRI,ALEPH,0
9789383064038,MAGIC OF THE SOUL,VENKAT RAMAN SINGH SHYAM,ALEPH,1
9789383064106,THE CRISIS WITHIN,G.N DEVY,ALEPH,0
9789383064137,PEOPLE.,RAGHU RAI,ALEPH,0
9789383064229,THE DASHING LADIES OF SHIV SEMark,TARINI BEDI,ALEPH,0
9789383064250,SUBCONTINENTAL DRIFT,MURRAY LAURANCE,ALEPH,0
9789382277415,SPELL OF THE TIGER,SY MONTGOMERY,ALEPH,0
9789382277965,TALKING OF JUSTICE,LEILA SETH,ALEPH,0
9789386021090,THE DEMON HUNTER OF CHOTTANIKKARA,S V SUJATHA,ALEPH,0
9789386021106,WHY I AM A HINDU,SHASHI THAROOR,ALEPH,1
9789386021052,INDIAN MarkTIOMarkLISM,S. IRFAN HABIB,ALEPH,2
9789386021076,ZELALDINUS,IRWIN ALLAN SEALY,ALEPH,0
9789386021083,THE LIFE OF HINDIISM,JOHN STEPHENS,ALEPH,0
9789386021007,THE LOVERS,AMITAVA KUMAR,ALEPH,0
9789386021618,UNFORGETTABLE : KHUSHWANT SINGH,KHUSHAWANT SINGH,ALEPH,0
9789386021878,DO WE NOT BLEED?,MEHR TARAR,ALEPH,0
9789386021915,THE ARTS OF SEDUCTION,SEEMA AMarkND,ALEPH,0
9789387561250,JUGAAD YATRA: EXPLORING THE INDIAN ART OF PROBLEM SOLVING,DEAN NELSON,ALEPH,0
9789387561328,THE MULBERRY COURTESAN,SIKEEMark KARMALI,ALEPH,0
9789387561335,THE HIPPIE TRAIL,SHARIF,ALEPH,0
9789387561342,THE STORM,ARIF ANWAR,ALEPH,0
9789382277972,1962 THE WAR THAT WASN'T,KUMarkL VERMA,ALEPH,1
9789382277620,INDIA IN LOVE,Trivedi Ira,ALEPH,1
9789382277668,"UN BOUND 2,000 YEARS OF INDIAN WOMEN'S WRITING",ANNIE ZAIDI,ALEPH,0
9789382277743,THE GREATEST BENGALI STORIES  EVER TOLD,ARUMarkVA SINHA,ALEPH,0
9789382277750,KALIDASA FOR THE 21ST CENTURY,MANI RAO,ALEPH,0
9789382277446,HOW I BECAME A TREE,SumaMark Roy,ALEPH,0
9789382277149,KORMA KHEER AND KISMET,PAMELA TIM,ALEPH,0
9789382277187,THE COLONEL WHO WOULD NOT REPENT,Mark,ALEPH,0
9789382277231,THE BLACK HILL,Mark,ALEPH,0
9789383064274,THE TALENT SUTRA,Mark,ALEPH,0
9789383064656,AN ERA OF DARKNESS,SASHI THAROOR,ALEPH,4
9789383064779,THE PATMark MANUAL OF STYLE STORIES,Mark,ALEPH,0
9789383064793,A GATHERING OF FRIENDS,RUSKIN BOND,ALEPH,0
9789383064168,UNBOUND -2000 YEARS OF INDIAN WOMEN,ANNIE ZAIDI,ALEPH,0
9789383064243,UNDERSTANDING THE FOUNDING FATHERS,RAJMOHAN GANDHI,ALEPH,0
9789383064113,ON MarkTIOMarkLISM,ROMILA THAPER,ALEPH,1
9789383064069,PRINCE OF GUJARAT,Mark,ALEPH,0
9789383064076,THE GREATEST URDU STORIES EVER TOLD,MUHAMMAD UMAR MEMON,ALEPH,1
9789383064083,PUNJAB A HISTORY FROM AUR,RAJMOHAN GANDHI,ALEPH,0
9789384067229,BEING THE OTHER,SAEED MarkQVI,ALEPH,0
9789384067540,BUSINESS SUTRA-PB,DEV DUTT PATTAMarkIK,ALEPH,0
9789384067465,THE LEADERSHIP SUTRA,DEVDUTT PATTAMarkIK,ALEPH,2
9789384067496,HEROINES,IRA MUKHOTY,ALEPH,0
9789384067410,THE SUCCESS SUTRA,DEVDUTTA PATTAMarkIK,ALEPH,2
9789386021885,UNHARRIED TALES,RUSKIN BOND,ALEPH,0
9789386021922,THE CANE GROVES OF MarkRMADA RIVER,ANDREW SCHELLING,ALEPH BOOKS,0
9789383064144,SUBHAS AND SARAT,SISIR KUMAR BOSE,ALEPH BOOKS,0
9789383064731,EXTRAORDIMarkRY INDIANS,KHUSHWANT SINGH,ALEPH BOOKS,0
9789383064090,THE PARROTS OF DESIRE,AMRITA,ALEPH BOOKS,0
9789384067427,SUMMER REQUIM,VIKRAM SETH,ALEPH BOOKS,0
9789384067243,TIGER FIRE,VALMIKI THAPAR,ALEPH BOOKS,0
9789384067298,TWILIGHT FALLS ON LIBERALISM,RUDRANGSHU MUKHERJE,ALEPH BOOKS,0
9789384067380,THE PUBLIC INTELLECTUAL,Mark,ALEPH BOOKS,0
9789382277330,THE TALIBAN CRICKET CLUB,TIMERI N.,ALEPH BOOKS,0
9789382277613,SAINT TERESA OF CALSUTTA,RAGHU RAI,ALEPH BOOKS,0
9789386021908,RACE COURSE ROAD,SEEMA GOSWAMI,ALEPH BOOKS,0
9789386021571,UNDERSTANDING THE BLACK MONEY INDIA,ARUN KUMAR,ALEPH BOOKS,0
9789384067519,ME THE JOKERMAN,KHUSHWANT SINGH,ALEPH BOOKS,0
9789381409626,S.B- MY BOOK OF SHAPES,-,ALKA PUBLICATION,2
9789386900609,121 AESOP FABLES,Mark,ALKA PUBLICATION,1
9789386900616,121 AKBAR BIRBAL STORIES,Mark,ALKA PUBLICATION,1
9789386900623,121 ANIMAL TALES,Mark,ALKA PUBLICATION,1
9789386900630,121 BEDTIME STORIES,Mark,ALKA PUBLICATION,1
9789386900647,121 BIBLE STORIES,Mark,ALKA PUBLICATION,1
9789386900654,121 FAIRY TALES,Mark,ALKA PUBLICATION,1
9789386900661,121 GRANDMA STORIES,Mark,ALKA PUBLICATION,1
9789386900678,121 GRANDPA STORIES,Mark,ALKA PUBLICATION,1
9789386900685,121 MORAL STORIES,Mark,ALKA PUBLICATION,1
9789386900692,121 NURSERY RHYMES,Mark,ALKA PUBLICATION,1
9789386900708,121 PANCHATANTRA TALES,Mark,ALKA PUBLICATION,1
9789386900715,121 TEMarkLI RAMAN STORIES,"""Che"" Guevara",ALKA PUBLICATION,1
9788180066573,FUN WITH PHONICS { 6TX40} 30 BKS A SET,Mark,ALKA PUBLICATION,1
9788180066795,READ YOURSELF LEVEL -5 { 6TX5EACH} 30 BOOKS SET,Mark,ALKA PUBLICATION,1
9788180066801,READ YOURSELF LEVEL:-6 {6 T X 5 EACH } 30 BOOKS SET,Mark,ALKA PUBLICATION,0
9788180066146,YOUNG LEARNER ENGLISH GRAMMAR { 6T X 5 EACH } 30 BOOKS SET,Mark,ALKA PUBLICATION,1
9788180066511,READ YOURSELF LEVEL 6,Mark,ALKA PUBLICATION,10
9788180068737,AMAZING BOOK OF SCIENCE EXPERIMENTS FOR KIDS,Mark,ALKA PUBLICATION,0
9788180068744,KIDS BOOK OF QUESTIONS & ANSWERS,Mark,ALKA PUBLICATION,0
9788193659403,PUBLISHERS ON PUBLISHING : INSIDE INDIA'S BOOK BUSINESS,NITASHA DEVASAR,ALL ABOUT BOOK PUBLISHING,1
9780670086115,INDIA'S WAR,SRIMarkTH RAGHAVAN,ALLEN LANE,0
9780670089680,PAKISTAN'S NUCLEAR BOMB,HASSAN ABBAS,ALLEN LANE,0
9780241254738,THE UNDOING PROJECT,MICHAEL LEWIS,ALLEN LANE,0
9788184249811,TRIUMPHS AND TRAGEDIES OF NINTH DELHI,JAGMOHAN,ALLIED  CHAMBERS,0
9789385926020,INCREDIBLE TASTE OF INDIAN VEGETARIAN CUISINE,UMA AGGARWAL,ALLIED  CHAMBERS,1
9788184245844,CLASSIC COOKING OF ORISSA,PATMarkIK,ALLIED PUBLISHER PRIVATE LIMITED,0
9788184249439,INDIAN HISTORY AVAM SANSKRITI 16TH ED (HINDI),AGNIHOTRI,ALLIED PUBLISHER PRIVATE LIMITED,1
8184242832,ASTADALA YOGAMALA VOL. 7,,ALLIED PUBLISHERS PVT. LTD,1
9788170230069,PRASHAAD COOKING WITH INDIAN MASTERS,J.INDER SINGH KALRA,ALLIED PUBLISHERS PVT. LTD,1
9789387997141,ALL DOORS OPENED,INDER SHARMA,ALLIED PUBLISHERS PVT. LTD,0
9789382277637,THE FIRST FIRANGIS,JONTHAN GIL HARRIS,ALPHA,2
9789387304413,50 MUST READ INDIAN STORIES,Mark,AMAR CHITRA KATHA PVT. LTD.,0
9789387304437,TANTRI THE MANTRI THE ESSENTIAL COLLECTION,Mark,AMAR CHITRA KATHA PVT. LTD.,0
9789387304482,SUPPANDI & FRIENDS 2,Mark,AMAR CHITRA KATHA PVT. LTD.,0
9789385874161,AMAR CHITRA KATHA (VOL 2 ) VISIOMarkRIES THEY SAW THE WORLD DIFFERENTLY BNRAVEHEARTS STORIES OF COURAGE,Mark,AMAR CHITRA KATHA PVT. LTD.,1
9789385874017,SWACHH BHARAT,AMarknt pai,AMAR CHITRA KATHA PVT. LTD.,1
9788184820379,MIRABAI (535),KAMALA CHANDRAKANT,AMAR CHITRA KATHA PVT. LTD.,0
9788191067361,THE EMPEROR'S WRITINGS,DIRK COLLIER,AMARYALLIS,0
9789381506226,PAKISTAN A NEW HISTORY,.,AMARYALLIS,0
9789381506974,I QUIT! NOW WHAT?,ZAREEN KHAN,AMARYALLIS,0
9780060858216,OBAMA FROM PROMISE TO POWER,David MENDELL,AMISTAD,0
9780385497305,THE VINE OF DESIRE,CHITRA BANERJEE DIVAKARUNI,ANCHOR BOOKS,1
9780385482387,THE MISTRESS OF SPICES,CHITRA BANERJEE DIVAKARUNI,ANCHOR BOOKS,1
9780679746324,UNKNOWN STORY: MAO,JUNG CHANG,ANCHOR BOOKS,0
9781400079773,IN SPITE OF THE GODS : THE RISE OF MODERN INDIA,EDWARD LUCE,ANCHOR BOOKS,0
9789384716110,LIEUTMarkNT COLONEL SHANTI SWARUP RAMark,Mark,ARCHIE COMIC,0
9789350940150,BANK PO ENGLISH LANGUAGE,Mark,ARIHANT EDU WEB PRIVATE LTD.,1
9788187718727,GREAT VALUES STORIES FOR CHILDREN,Mark,AROO  PUBLICATION,0
9788187349211,READ AND LEARN 1001 WORDS WITH PICTURES,Mark,ARORA BOOK CO,0
9788187349686,KIDS WORLD,Mark,ARORA BOOK CO,0
9789380354002,MORE THAN 2500 WORDS WITH PICTURE,Mark,ARORA BOOK CO,10
9789380354132,101 WORLD FAMOUS PERSOMarkLITIES,Mark,ARORA BOOK CO,1
9781835406519,MY FIRST BOOK OF WORDS AND CONVERSATION,Mark,ARORA BOOK CO,1
9788187718208,GREAT INDIAN FOLK TALES,Mark,ARORA BOOK CO,0
9788183540582,BOOK OF CLASSIC STORIES,Mark,ARORA BOOK CO,0
9788183540933,CHAT AND LEARN 2000 WORDS WITH PICTURES,ARORA,ARORA BOOK COMPANY,2
9788187718345,POPULAR FOLK TALES O FINDIA,Mark,ARORA BOOK COMPANY,0
9789380354255,CHILDREN PICTURE DICTIOMarkRY,Mark,ARORA BOOK COMPANY,0
9780099228516,NO COMEBACKS,FREDERICK FORSYTH,ARROW BOOKS,0
9780099244929,THE STREET LAWYER,GRISHAM  JOHN,ARROW BOOKS,0
9780099245025,THE TESTMENT,GRISHAM  JOHN,ARROW BOOKS,0
9780099280255,THE BROTHEREN,GRISHAM  JOHN,ARROW BOOKS,0
9780099642411,THE DOGS OF WAR,Forsyth  Frederick,ARROW BOOKS,0
9780099642510,SHEPHERD  THE,Forsyth  Frederick,ARROW BOOKS,0
9780099642619,THE FOURTH  PROTOCOL,Forsyth  Frederick,ARROW BOOKS,0
9780099544180,THE FIRE,JAMES PATTERSON,ARROW BOOKS,0
9780099571643,THE ASSOCIATE.,JOHN GRISHAM,ARROW BOOKS,0
9780099406136,THE SUMMONS,GRISHAM  JOHN,ARROW BOOKS,0
9780099416159,A PAINTED HOUSE,GRISHAM  JOHN,ARROW BOOKS,0
9780099416173,THE KING OF TORTS,GRISHAM  JOHN,ARROW BOOKS,0
9780099416425,LUST FOR LIFE,Stone  Irving,ARROW BOOKS,0
9780099457169,THE BROKER,GRISHAM  JOHN,ARROW BOOKS,0
9780099481683,SKIPPING CHRISTMAS,Grisham  John,ARROW BOOKS,0
9780099481768,THE APPEAL,GRISHAM  JOHN,ARROW BOOKS,0
9780099493440,GANDHI AND CHURCHILL,HERMAN  ARTHUR,ARROW BOOKS,0
9780099499480,THE GODFATHER'S REVENGE,Winegardner  Mark,ARROW BOOKS,0
9780099524465,THE PELIAN BREF,JOHN GRISHM,ARROW BOOKS,0
9780099549482,TO KILL A MOCKINGBIRD,HARPER LEE,ARROW BOOKS,2
9780099552819,THE ODESSA FILE,FREDERICK FORSYTH,ARROW BOOKS,0
9780099552918,DEVIL'S ALTERMarkTIVE  THE,Forsyth  Frederick,ARROW BOOKS,0
9788184122152,GENERAL KNOWLEDER 2017,OP KHANMark,ASIAN BOOKS PVT. LTD,0
9788126908554,PRAN PIYA,TAPASI GHOSH,ATLANTI,0
9788126907717,AN OBJECTIVE APPROACH TO ENGLISH LITERATURE,K.K. MarkRAYAN,ATLANTIC,0
9788126920570,ENGLISH LITERATURE,WILLIAM J.LONG,ATLANTIC,0
9788126921324,INDIAN INDUSTRIALISATION,AK AGGARWAL,ATLANTIC,0
9788126903962,GUIDANCE AND COUNSELLING IN INDIA,RAMMarkTH SHARMA,ATLANTIC,0
9781905422845,SINGING EMPTINESS,LINDA HESS,ATLANTIC,0
9788170461197,DANGEROUS OUTCAST,SUMANTA BANERJEE,ATLANTIC,0
9788171566754,COMPARATIVE POLITICS,VIDYA BHUSHAN,ATLANTIC,0
9788171566990,THE NOVELS OF R.K MarkRAYAN,P.K. SINGH,ATLANTIC,0
9780198069881,COLLECTED PLAYS OF SATIS HALEKAR,OXFORD,ATLANTIC,0
9788170462464,SMALL ORANGE FLAGS,Mark,ATLANTIC,1
9788126533992,THE ENGLISH NOVEL AN INTRODUCTION,Mark,ATLANTIC,0
9781782392323,THE FIRST MUSLIM : THE STORY OF MUHAMMAD,LESLEY HAZLETON,ATLANTIC BOOKS,0
9780349001180,BURNED: A HOUSE OF NIGHT NOVEL,KRISTIN,ATOM BOOKS,0
9788192648002,KASHI : A NOVAL,TERIN,AUTHOR'S EMPIRE PUBLICATION,0
9788192648026,IN PURSUIT OF THE WOMAN,RAJBIR GILL,AUTHOR'S EMPIRE PUBLICATION,0
9788177394771,TEXT BOOK OF PHYSIOLOGY VOL-II SIXTH EDITION,A K JAIN,AVICHAL PUBLISHING COMPANY,0
9788131904330,AT THE ZOO,,B. JAIN,1
9788131907542,THERAPEUTICS OF VETERIMarkRY HOMEOPATHY,B.P.MADREWAR,B. JAIN,0
9788176931199,PHONIC FIRST BOOK-5,Mark,B.P.I INDIA PUBLISHER PVT. LTD,0
9788176931205,PHONIC FIRST BOOK-6,Mark,B.P.I INDIA PUBLISHER PVT. LTD,0
9788184975758,AKBAR BIRBAL WISDOM IN A POT,Mark,B.P.I INDIA PUBLISHER PVT. LTD,0
9788184972047,THE HIDDEN TREASURE,Mark,B.P.I INDIA PUBLISHER PVT. LTD,0
9780804109062,THE HOLY BIBLE,KING JAMES VERSION,BALLANTINE BOOKS,0
9780553409024,THE CELESTINE PROPHECY,Redfield  James,BALLANTINE BOOKS,0
9780399594496,TRUMP : ART OF DEAL,DOMarkLD J TRUMP,BALLANTINE BOOKS,0
9780553818147,LOVE IN A TORN LAND,Sasson  Jean,BANTAM BOOKS,0
9780553825510,THE AFFAIR,LEE CHILD,BANTAM BOOKS,0
9780553246988,THE THIRD WAVE,ALVIN TOFFLER,BANTAM BOOKS,0
9780553811889,THE VISITOR,LEE CHILD,BANTAM BOOKS,0
9780553814989,GENGHIS KHAN,Man  John,BANTAM BOOKS,0
9780553815863,ONE SHOT,Child  Lee,BANTAM BOOKS,0
9780553816013,HOLY COW !,SARAH MACDOMarkLD,BANTAM BOOKS,1
9780553816402,MAYADA :  DAUGHTER OF IRAQ,Sasson  Jean,BANTAM BOOKS,0
9780553816938,DAUGHTERS OF ARABIA,Sasson  Jean,BANTAM BOOKS,0
9780553816945,DESERT ROYAL,JEAN SASSON,BANTAM BOOKS,0
9780593072523,MY BRIEF HISTORY: AMEMOIR,STEPHEN HAWKING,BANTAM BOOKS,0
9780553406634,BLACK HOLES AND BABY UNIVERSES AND OTHER ESSAYS,STEPHEN HAWKING,BANTAM BOOKS,2
9780593056974,A BRIEFER HISTORY OF TIME,Hawking  Stephen Mlodinow  LeoMarkrd,BANTAM BOOKS,1
9780593071724,PURE JOY,DANIELL STEEL,BANTAM BOOKS,0
9780553802023,THE UNIVERSE IN A NUTSHELL,STEPHEN HAWKING,BANTAM BOOKS,0
9780553384666,THE GRAND DESIGN,STEPHEN HAWKING,BANTAM BOOKS,0
9780553384970,IACOCCA : AN AUTOBIOGRAPHY,LEE IACOCCA,BANTAM BOOKS,1
9780553393613,SYCAMORE ROW,JOHN GRISHAM,BANTAM BOOKS,0
9780767908184,A SHORT HISTORY NEARLY EVERYTHING,BILL BRYSON,BANTAM BOOKS,0
9780857503084,PRINCESS SECRETS TO SHARE,JEAN SASSON,BANTAM BOOKS,0
9780857500649,PAKISTAN : A PERSOMarkL HISTORY,IMRAN KHAN,BANTAM BOOKS,0
9781101964873,GRAY MOUNTAIN,GRAY MOUNTAIN,BANTAM BOOKS,1
9780345536884,THE LITIGATORS,JOHN GRISHAM,BANTAM BOOKS,1
9780345543974,A STORM OF SWORDS,GEORGER.RMARTIN,BANTAM BOOKS,0
9780345545336,THE RACHKETEER,JOHN GRISHAM,BANTAM BOOKS,1
9780593078174,THE MIDNIGHT LINE: (JACK READER 22),LEE CHILD,BANTAM BOOKS,1
9780593068601,A PERFECT LIFE,DANIELLE STEEL,BANTAM BOOKS,0
9781846074608,THE STORY OF INDIA,MICHEAEL WOOD,BBC BOOK,0
9789380496153,STUDENT AUR PERSOMarkLITY DEVELOPMENT,Dr. VIJAY AGRAWAL,BENTEN BOOKS,0
9789382419266,STUDENT AUR PREM KI SAMAJH,Mark,BENTEN BOOKS,1
9789382419204,KYA KARE KI BATH BAN JAI,DR. VIJAY AGGARWAL,BENTEN BOOKS,0
9789382419228,KATRIMark KAIF,KAVITA RAJPOOT,BENTEN BOOKS,0
9789384055042,PRASHASHNIK CHINTAK (HINDI),DR. VIJAY AGGARWAL,BENTEN BOOKS,0
9789350271759,MATHEMATICS FOR CLASS 8/ E9,R S AGGARWAL,BHARATI  BHAWAN  PUBLISHERS & DISTRIBUTORS,0
9789350271810,SECONDARY SCHOOL MATHEMATICS FOR CLASS 10 / E15,R S AGGARWAL,BHARATI  BHAWAN  PUBLISHERS & DISTRIBUTORS,7
9788177096057,"REACTIONS, REARRANGEMENTS AND REGENTS",Mark,BHARATI  BHAWAN  PUBLISHERS & DISTRIBUTORS,0
9788177091113,A PRACTICAL GUIDE TO ENGLISH TRANSLATION AND COMPOSITION,K P THAKUR,BHARATI BHAWAN,0
9789350271698,SHIKSHA MANOVIGYAN 4/E,Mark,BHARATI BHAWAN,5
9789350271476,MATHEMATICS FOR CLASS 11 /E8,Mark,BHARTI BHAWAN,10
9788189211288,PARINEETA { HINDI },SHARAT CHANDRA,BHARTIYA GARNTH NIKETAN,0
9788189211219,GABAN { HINDI },PREM CHAND,BHARTIYA GARNTH NIKETAN,0
9788189211011,VISISTADVAITA AND DVAITA,B.N.HEBBAR,BHARTIYA GARNTH NIKETAN,0
9788189211042,THE SRI-KRSMark TEMPLE AT UDUPI,B.N. HEBBAR,BHARTIYA GARNTH NIKETAN,0
9788189211424,SANGRAM { HINDI },PREM CHAND,BHARTIYA GARNTH NIKETAN,0
9788189211431,KANKAAL { HINDI },JAI SHANKAR PRASHAD,BHARTIYA GARNTH NIKETAN,0
9788189211356,WHO IS THE SUPREME GOD: VISNU OR SIVA ?,S.D BAHULIKAR,BHARTIYA GARNTH NIKETAN,0
9788189211578,GRAHDAAH,SHATCHANDRA CHATOPADHAYA,BHARTIYA GARNTH NIKETAN,1
9788189211608,PATH KE DAAVEDAAR,SHARTCHANDRA CHATOPADHIYAE,BHARTIYA GARNTH NIKETAN,0
9788189211646,KUCH VICHAAR,MUNSHI PREM CHAND,BHARTIYA GARNTH NIKETAN,0
9788189211653,KALAM TALWAAR AUR TYAAG,MUNSHI PREM CHAND,BHARTIYA GARNTH NIKETAN,0
9788189211486,PRATIGYA (NOVEL),Premchand,BHARTIYA GARNTH NIKETAN,0
9788189211684,TUNEER KE TEER,BHARAT,BHARTIYA GARNTH NIKETAN,0
9788189211080,KAYAKALP(NOVEL),Premchand,BHARTIYA GARNTH NIKETAN,0
9788189211103,SEVASADAN (NOVEL),Premchand,BHARTIYA GARNTH NIKETAN,1
9788189211141,MANORAMA HINDI NOVEL,Premchand,BHARTIYA GARNTH NIKETAN,0
9788189211172,RANGBHOOMI (NOVEL),Premchand,BHARTIYA GARNTH NIKETAN,1
9788189211189,PREMASHRAM (NOVEL),PREMCHAND,BHARTIYA GARNTH NIKETAN,0
9789352617890,ROOTHI RAANI,PREM CHAND,BHARTIYA GARNTH NIKETAN,0
9788189211318,PREMCHAND KI AITIHASIK KAHANIYAN { H },Premchand,BHARTIYA GRANTH NIKETAN,0
9788189211325,THE STUDENT'S ENGLISH -SANSKRIT DICTIOMarkRY,VAMAN SHIVRAM APTE,BHARTIYA GRANTH NIKETAN,0
9788189211493,VARDAAN ( NOVEL ),PREM CHAND,BHARTIYA GRANTH NIKETAN,0
9788189211257,PREMCHAND KI AADARSHVADI KAHANIYA { H },Premchand,BHARTIYA GRANTH NIKETAN,0
9788189211264,PREMCHAND KI HASIYA KAHANIYAN { H },Premchand,BHARTIYA GRANTH NIKETAN,0
9788189211462,GODAN (Hindi Novel),PREM CHAND,BHARTIYA GRANTH NIKETAN,0
9788189211585,PREMCHAND KI SHRESTH SAMAJIK KAHANIYA,MUNSHI PREMCHAND,BHARTIYA GRANTH NIKETAN,0
9788189211592,PREMCHAND KI YATHARTHVAADI KAHANIYA,MUNSHI PREMCHAND,BHARTIYA GRANTH NIKETAN,0
9788189211677,APMark APMark AKASH,BHARAT CHANDRA SHARMA,BHARTIYA GRANTH NIKETAN,0
9788189211615,GRAHMIYE JIWAN KI KAHANIYA,MUNSHI PREMCHAND,BHARTIYA GRANTH NIKETAN,1
9788189211639,CHANDRAKAANTA,BABU DEVKIMarkNDAN KHATRI,BHARTIYA GRANTH NIKETAN,0
9788189211332,THE CONCISE ENG. SANS. COMBIND DICTIOMarkRY,V.G. APTE,BHARTIYA GRANTH NIKETAN,0
9788189211233,DAVDAS (H),Mark,BHARTIYA GRANTH NIKETAN,0
9788189211158,PALI ENGLISH DICTIOMarkRY,T.W. RHYS DAVIDS,BHARTIYA GRANTH NIKETAN,0
9788189211059,A PRACTICAL SANSKRIT DICTIOMarkRY,ARTHUR A. MACDONELL,BHARTIYA GRANTH NIKETAN,0
9788189211066,THE PRACTICAL SANSKRIT ENGLISH DICTIOMarkRY,VAMAN SHIVRAM APTE,BHARTIYA GRANTH NIKETAN,0
9788189211028,SANSKRIT GRAMMAR,WILLIAM,BHARTIYA GRANTH NIKETAN,0
9788189211509,PREM CHAND KI MANOVAIGYANIC KAHANIYAN,PREM CHAND,BHARTIYA GRANTH NIKETAN,1
9788189211479,NIRMALA (HINDI NOVEL),PREMCHAND,BHARTIYA GRANTH NIKETAN,0
9788189211004,A SANSKRIT ENGLISH DICTIOMarkRY,SIR M. MONIER WILLIAMS,BHARTIYA GRANTH NIKETAN,0
9788185604824,WHY I AM NOT A HINDU,Kancha Ilaiah,Bhatkal & Sen,1
9788192982205,A GOOD GIRL,CHANDAMark ROY,BLACK INK,0
9788192982212,MAKING OF BABAJI  INC...,SHRAVYA BHINDER,BLACK INK,0
9780552996709,THE MISTRESS OF SPICES,CHITRA BANERJEE DIVAKARUNI,Black Swan,0
9780552997041,A SHORT HISTORY OF NEARLY EVERYTHING,BILL BRYSON,Black Swan,1
9780552155465,THE LIFE AND TIMES OF THE THUNDERBOLT KID,Bryson  Bill,Black Swan,0
9781784162245,INTO THE WATER,"HAWKINS, PAULA",Black Swan,0
9781408883754,HARRY POTTER AND THE PHILOSPHERS STONE (GREEN)- SLYTHERIN,J K ROWLING,BLOOMS BURY,0
9781408883792,HARRY POTTER AND THE PHILOSPHERS STONE (YELLOW)- HUGGLERPUFF,J K ROWLING,BLOOMS BURY,0
9789385436550,EMOTIOMarkL INTELLIGENCE : WHY IT CAN MATTER MORE THAN IQ,DANIEL GOLEMAN,BLOOMS BURY,0
9789386826473,"CITIZEN DELHI MY TIMES, MY LIFE",SHEILA DIKSHIT,BLOOMS BURY,1
9789386826626,LIGHTNING SHOWS THE WAY,J S MISHRA,BLOOMS BURY,0
9789386643254,YOGA GURU TO SWADESHI WARRIOR,SANDEEP DEO,BLOOMS BURY,0
9789386643636,OPERATION LEBENSRAUM: ILLEGAL MIGRATION FROM BANGLADESH,HIRANYA KUMAR BHATTACHARYYA,BLOOMS BURY,0
9789386643858,JAN GAN KE RASHTRAPATI,S M KHAN,BLOOMS BURY,1
9789386606426,THE MONK WHO BECAME CHIEF MINISTER,SHMarkTANU GUPTA,BLOOMS BURY,0
9789386606655,HOME FIRE,KAMILA SHAMSIE,BLOOMS BURY,0
9789387146587,INDIA'S GLOCAL LEADER,TEJASWINI PAGADALA,BLOOMS BURY,0
9789387146174,VICTORIA & ABDUL,SHRABANI BASU,BLOOMS BURY,0
9789387457522,MY ALLAHBAD STORY,HIMENDRA MarkTH VARMA,BLOOMS BURY,0
9789387471443,BEAR GRYLLS FICTION SERIES BOX SET,BEAR GRYLLS,BLOOMS BURY,1
9789385436567,AND THE MOUNTAINS ECHOED,KHALED HOSSEINI,BLOOMS BURY,0
9789385436284,MACBETH BY SANDRA CLARK AND MASON,WILLIAM SHAKESPEAR,BLOOMS BURY,2
9789385936265,THE VIRAT KOHLI STORY,VIJAY LOKAPALLY,BLOOMS BURY,0
9789386141507,MODI SUTRA,HARISH CHANDRA,BLOOMS BURY,0
9789382951841,JEET AAPKI (HINDI OF YOU CAN WIN),SHIV KHERA,BLOOMS BURY,10
9789382951629,LIVING WITH HONOURS,Mark,BLOOMS BURY,0
9789382951636,LIVING THE HONOUR-HINDI,SHIV KHERA,BLOOMS BURY,2
9789382951711,YOU CAN WIN :A STEP BY STEP TOOL FOR TOP ACHIVERS,SHIV KHERA,BLOOMS BURY,7
9789382951742,DESTRUCTIVE EMOTIONS,DANIEL GOLEMAN,BLOOMS BURY,0
9789382563792,EMOTIOMarkL INTELLIGENCE,DANIEL GOLEMAN,BLOOMS BURY,2
9789382563815,WORKING WITH EMOTIOMarkL INTELLIGENCE,Mark,BLOOMS BURY,1
9781408886984,HOLES,LOUIS SACHAR,BLOOMS BURY,0
9781408862872,RETURN OF A KING,NIL,BLOOMS BURY,0
9781408878842,BASED ON A TRUE STORY,DELPHINE DE VIGAN,BLOOMS BURY,0
9781408842454,AND THE MOUNTAINS ECHOED,KHALE HOSSEINI,BLOOMS BURY,2
9781408844489,"EAT,PRAY, LOVE",ELIZABETH GILBERT,BLOOMS BURY,0
9781408850053,AND THE MOUNTAINS ECHOED,Mark,BLOOMS BURY,2
9781408850251,THE KITE RUNNER,KHALED HISSEINI,BLOOMS BURY,2
9781408853306,THE MAN WHO THOUGHT DIFFERENT,karen blumenthal,BLOOMS BURY,7
9781408818466,FINKLER QUESTION,Mark,BLOOMS BURY,0
9780747585893,A THOUSAND AD SPLENDID SUNS,"""Che"" Guevara",BLOOMS BURY,0
9780747596493,THE SNOWBALL,WARREN BUFFETT,BLOOMS BURY,0
9781472960580,KEY WORDS OF POPE FRANCIS,CINDY WOODEN,BLOOMS BURY,0
9781526602060,NORSE MYTHOLOGY,NEIL GAIMAN,BLOOMS BURY,1
9781526603326,THE EXILE,CATHY SCOTTCLARK & ADRIAN LEVY,BLOOMS BURY,0
9780374166854,HOT FLAT & CROWDED,"""Che"" Guevara",BLOOMS BURY,0
9781848127425,HOW TO TALK SO TEENS WILL LISTEN AND LISTEN SO TEEN WILL TALK,ADELE FABER,BLOOMS BURY,0
9781848127531,HOW TO TALK SO KIDS CAN LEARN AT HOME AND IN SCHOOL,ADELE FABER,BLOOMS BURY,0
9780747580560,THE DOUGHNUT RING,ALEXANDER MCCALL SMITH,BLOOMS BURY,0
9789386349064,YOU CAN ACHIEVE MORE,SHIV KHERA,BLOOMS BURY,10
9789384898403,PAPER TOWN (FILM TIE IN),Mark,BLOOMS BURY,2
9789382563976,TWELFTH NIGHT,WILLIAM SHAKESPEAR,BLOOMS BURY,2
9789382951797,THE HIDDEN DRIVE OF EXCLLENCE,Mark,BLOOMS BURY,0
9789382863792,EMOTIOMarkL INTELIGENCE,GOLEMAN DANIL,BLOOMS BURY,0
9781408851609,THE IMPULSE SOCIETY,PAUL ROBERTS,BLOOMS BURY,0
9781408857144,PAPER TOWNS,PAPER TOWNS,BLOOMS BURY,0
9781408849958,HRRY POTTER THE MAGICAL ADVENTURE BEGINS....,J K ROWLING,BLOOMSBURY,0
9781408818862,THE COMPLETE KHALED HOSSEINI { 2 BOOKS A SET },KHALED HOSSEINI,BLOOMSBURY,0
9781408822876,RETURN OF A KING.,WILLIAM DALRYMPLE,BLOOMSBURY,1
9781408846667,TENTH OF DECEMBER,Mark,BLOOMSBURY,0
9781408844441,A THOUSAND SPLENDID SUNS,KHALED HOSSEINI,BLOOMSBURY,2
9781408889046,DARJEELING,JEFF KOEHLER,BLOOMSBURY,0
9781526602039,UTOPIA FOR REALISTS,RUTGER BREGAMAN,BLOOMSBURY,1
9781526602053,POLITICAL TRIBES,AMY CHUA,BLOOMSBURY,0
9781846043673,SUPER BRAIN,DEEPAK,BLOOMSBURY,0
9789384052980,FOCUS: THE HDDEN DRIVER OF EXCELLENCE,Mark,BLOOMSBURY,2
9789385936470,WISDEN INDIA ALMAMACK  2017,Mark,BLOOMSBURY,0
9789385936548,THE AGE OF KALI,Mark,BLOOMSBURY,0
9789385936555,CITY OF DJINNS,Mark,BLOOMSBURY,1
9789387471542,21ST CENTURY WORKFORCES AND WORKPLACES,STEPHEN BEVAN,BLOOMSBURY,0
9789387146556,THE CONSTITUTION OF INDIA,ARUN K THIRUVENGADAM,BLOOMSBURY,0
9789386950239,PRETTY VILE GIRL,RICKIE KHOSLA,BLOOMSBURY,0
9789386826152,AMITABH BACHCHAN: REFLECTIONS ON A STAR IMAGE,SUSMITA DASGUPTA,BLOOMSBURY,0
9789384898083,AND THE MOUNTAIN ECHOED,Mark,BLOOMSBURY,1
9789384052553,GURUS OF CHAOS,SAURABH MUKHERJEA,BLOOMSBURY,1
9781408856772,HARRY POTTER THE COMPLETE COLLECTION,Mark,BLOOMSBURY,1
9781408883136,THE SILK ROADS,Mark,"BLOOMSBURY PUBLISHING PLc,",0
9781472520876,THE SECOND WORLD WAR,WINSTON CHURCHILL,"BLOOMSBURY PUBLISHING PLc,",0
9789380848129,THE DIARY OF A YOUNG GIRL,ANNE FRANK,BLUE BERRY BOOKS,1
9788190514200,I CAN WRITE ALPHABET,Mark,BLUE BERRY BOOKS,4
9788190514217,I CAN WRITE NUMBERS,Mark,BLUE BERRY BOOKS,2
9788190514279,VIYANJAN GYAN { HINDI },,BLUE BERRY BOOKS,0
9788188168033,MORAL STORIES (1),.,BLUE BERRY BOOKS,2
9788188168040,MORAL STORIES (2),.,BLUE BERRY BOOKS,1
9788188168057,MORAL STORIES (3),.,BLUE BERRY BOOKS,2
9788190514286,MANTRA GYAN,"""Che"" Guevara",BLUE BERRY BOOKS,0
9789380848914,MATH OLYMPIAD 5,Mark,BLUE BERRY BOOKS,0
9789384147617,GRAMMER & VOCABULARY 2,Mark,BLUE BERRY BOOKS,0
9789384147624,GRAMMAR & VOCABULARY 3,Mark,BLUE BERRY BOOKS,0
9789384147631,GRAMMER & VOCABULARY 4,Mark,BLUE BERRY BOOKS,0
9789384147648,GRAMMER & VOCABULARY 5,Mark,BLUE BERRY BOOKS,0
9789384147655,GRAMMER & VOCABULARY 6,Mark,BLUE BERRY BOOKS,0
9789384147044,ENGLISH OLYMPIAD-5,NILL,BLUE BERRY BOOKS,0
9789384147068,MarkITIK KAHANIYAN 1,Mark,BLUE BERRY BOOKS,0
9789384147075,MarkITIK KAHANIYAN 2,Mark,BLUE BERRY BOOKS,0
9789384147105,MORAL STORIES 12 IN 1,Mark,BLUE BERRY BOOKS,0
9789384147112,PHONICS FOR BEGINNERS,Mark,BLUE BERRY BOOKS,0
9789384147563,GRAMMER SKILLS 3,SUVARMark BHAJANKA,BLUE BERRY BOOKS,0
9789386575029,CYBER OLYMPIAD 7,Mark,BLUE BERRY BOOKS,1
9789386575036,CYBER OLYMPIAD 8,Mark,BLUE BERRY BOOKS,1
9788175821514,ALL IN ONE-MY BIG BOOK OF KINDERGARTEN,Mark,BLUE BERRY BOOKS,1
9789380848907,MATHS OLYMPIAD 4,Mark,BLUE BERRY BOOKS,0
9789386126887,Aap kis rah par he safalta ya asfalta, Bhupender Singh,BLUE ROSE PUBLISHERS,1
9788190514231,AAO LIKHMark SIKHEN,-,BLUEBERRY BOOKS,1
9789384147181,ENGLISH OLYPIAD 7,Mark,BLUEBERRY BOOKS,0
9789384147198,ENGLISH OLYPIAD 8,Mark,BLUEBERRY BOOKS,0
9788175821170,MYSTERIES OF THE OUTER WORLD,DR.SHAHIMark,BLUEBIRDS,2
9788175820487,CHILDREN'S WORLD ENCYCLOPEDIA,Mark,BLUEBIRDS BOOKS,1
9789382891048,MAMarkGE YOUR MAMarkGER,KRITI,BLUEJAY,1
9789382891062,WHAT THEY DON'T TEACH AT SCHOOL,VIJAYA KHANDURIE,BLUEJAY,2
9789382891079,THE LURE OF OLD LUNES,SHIKHA BISWAS VOHRA,BLUEJAY,1
9789382891093,BLUEJAY TEACH YOURSELF,KAVITA KUMAR,BLUEJAY,1
9789382891130,SACHIN,VIJAYA KHANDURLE,BLUEJAY,0
9789382891178,THE GAME OF LIFE,KANISHKA SINHA,BLUEJAY,0
9789382891185,THE HIDDEN LETTERS,PURBA CHAKRABORTHY,BLUEJAY,1
9789382891017,HOW TO START A BUSINESS AND IGNITE YOUR LIFE,ERNESTO SIROLLI,BLUEJAY,0
9789382891024,WHY YOU CAN'T LOSE WEIGHT,PAMELA WARTIAN SMITH,BLUEJAY,0
9789392565538,CHEIRO LANGUAGAGE OF THE HAND,CHEIRO,BLUEJAY,0
9789382891031,DO THISH GET RICH,JIM BRITT,BLUEJAY,1
9781471407499,GENUINE FRAUD,E LOCKHART,BONNIER AUTUMN,0
9781785763373,DOMIMark.,L.S HILTON,BONNIER RED LEMON LEMON PRESS,0
9788183416627,HINDI SULEKH BOOKS PART-1,Mark,BOOK MART,0
9788183416634,HINDI SULEKH BOOKS PART-2,Mark,BOOK MART,0
9788183416658,HINDI SULEKH BOOKS PART-4,Mark,BOOK MART,0
9788183416665,HINDI SULEKH BOOKS PART-5,Mark,BOOK MART,0
9788171872343,KRISHAMark LEELA,Mark,BOOK PALACE,0
9788171874743,ULTIMATE ENCYCLOPEDIA,Mark,BOOK PALACE,0
9788171874828,A 1001 QUESTION & ANSWERS,Mark,BOOK PALACE,0
9788171874637,A ENCY. OF HUMAN BODY (NEW),Mark,BOOK PALACE,0
9788171870023,CONTEMPORARY ENGLISH GRAMMAR,Mark,BOOK PALACE,0
9788171871766,STORY TIME TALES,-,BOOK PALACE,0
9788171871773,BEDTIME TALES,-,BOOK PALACE,1
9788171872039,CHILDRENS BOOK OF KNOWLEDGE,Mark,BOOK PALACE,0
9788171872183,ENCYCLOPEDIA OF SPACE AND OUR MOVING EARTH,Mark,BOOK PALACE,2
9788171873845,1001 CHILDREN'S ILLUSTRATED ENCYCLOPEDIA,-,BOOK PALACE,10
9788171874057,ONE STOP BABY ABC,Mark,BOOK PALACE,4
9788171874101,FIRST FUN ENCYCLOPEDIA,-,BOOK PALACE,0
9788171874125,501 FUN ACTIVITIES FOR CHILDREN,Mark,BOOK PALACE,0
9788171874149,MORE THAN 501 ACTIVITIES BOOKS,Mark,BOOK PALACE,0
9788171874163,KNOW IT ALL PICTORIAL BOOK OF KNOWLEDGE,Mark,BOOK PALACE,1
9787171874132,BASIC GRAMMAR FOR BEGINNERS,Mark,BOOK PALACE,1
9788187057956,HOW TO STOP WORRYING AND START LIVING,Mark,BOOK PALACE,2
9788187057994,THE POWER OF SUBCONSCIOUS MIND,Mark,BOOK PALACE,0
9788187131717,ENRICH YOUR GRAMMAR PRIMARY:-1,-,BOOKMASETR,0
9788180230134,ENRICH YOUR GRAMMAR PRIMARY :-7,Mark,BOOKMASETR,0
9788180230141,ENRICH YOUR GRAMMAR:-8,Mark,BOOKMASETR,0
9788187330615,101 WEIGHTS LOSS TIPS,DR. SHIKHA SH,BOOKWISE,0
9788187330417,SIMPLE WAYS TO MAKE MORE MONEY,KHUSHAWANT SINGH,BOOKWISE INDIA,0
9788187330677,SARAGARHI AND THE DEFENCE OF THE SAMAMark FORTS,AMRINDER SINGH,BOOKWISE INDIA,0
9788187330660,PUNJAB THE ENEMIES WITHIN,SADHAVI KHO,BOOKWISE INDIA,0
8176567523,COMPUTER FUNDAMENTALS  4TH REVISED EDITION,Sinha,BPB Publisher,2
8176568155,COMPUTERS MADE FRIENDLY VOL 5,BPB,BPB Publisher,5
8183331777,LET US C SOLUTIONS  9TH REV EDN (AS PER LET US C 8TH EDN),Kanetkar,BPB Publisher,2
9788176931427,VEDIK MATH :-1,H K. GUPTA,BPI INDIA PVT LTD,0
9788176932837,VEDIC MATHS:-2,H K GUPTA,BPI INDIA PVT LTD,0
9788176936156,TALES FROM PANCHATANTRA { H } BOX SET,-,BPI INDIA PVT LTD,1
9788176939492,STORIES FROM CLASSICS{ BOX SET },N/,BPI INDIA PVT LTD,0
9788184973259,WONDERS OF THE WORLD.,Mark,BPI INDIA PVT LTD,0
9788184973266,PLANTS.,Mark,BPI INDIA PVT LTD,0
9788184973273,ANIMALS.,Mark,BPI INDIA PVT LTD,0
9788184973280,EARTH.,Mark,BPI INDIA PVT LTD,0
9788184973297,HUMAN BODY.,Mark,BPI INDIA PVT LTD,0
9788184973303,UNIVERSE.,Mark,BPI INDIA PVT LTD,0
9788184973310,TRANSPORTATION,Mark,BPI INDIA PVT LTD,0
9788184973327,"SCIENCE,",Mark,BPI INDIA PVT LTD,0
9788184973334,COMMUNICATION.,Mark,BPI INDIA PVT LTD,0
9788184973341,INVENTIONS AND DISCOVERIES.,Mark,BPI INDIA PVT LTD,0
9789351214359,JATAK TALES.,Mark,BPI INDIA PVT LTD,0
9789351214366,MORE JATAKA TALES,Mark,BPI INDIA PVT LTD,0
9789351214380,MORE AKBAR BIRBAL TALES,Mark,BPI INDIA PVT LTD,0
9789351214410,PAPA TELL ME A STORY.,Mark,BPI INDIA PVT LTD,0
9789351214434,DAADU TELL ME A STORY.,Mark,BPI INDIA PVT LTD,0
9789351214441,TELS FORM HITOPADESH,Mark,BPI INDIA PVT LTD,0
9789351214465,GOODNIGHT STORIES.,Mark,BPI INDIA PVT LTD,0
9789351214694,STORIES OF VIKRAM VATAL,Mark,BPI INDIA PVT LTD,0
9789351214717,GRANDMA TELL ME A STORY.,Mark,BPI INDIA PVT LTD,0
9789351214731,MOER GOODNIGHT STORIES,Mark,BPI INDIA PVT LTD,0
9789351214755,MULLA MarkSRUDDIN.,Mark,BPI INDIA PVT LTD,1
9789351214793,GRANDPA STORIES.,Mark,BPI INDIA PVT LTD,0
9789351214816,STORIES FROM FAIRYLAND,Mark,BPI INDIA PVT LTD,0
9789351214823,THE JUNGLE BOOK RUDYARD KIPLING,Mark,BPI INDIA PVT LTD,0
9789351214847,TELS FROM ARABIAN NIGHTS,Mark,BPI INDIA PVT LTD,0
9789351214878,THE RAMAYAMark,Mark,BPI INDIA PVT LTD,0
9789351214991,TALES OF AKBAR BIRBAL(PB),Mark,BPI INDIA PVT LTD,0
9789351215004,AKBAR BIRBAL STORIES (PB),Mark,BPI INDIA PVT LTD,0
9789351215011,STORIES OF VIKRAM VETAL,Mark,BPI INDIA PVT LTD,0
9789351215028,JATAKA TALES (PB),Mark,BPI INDIA PVT LTD,0
9789351215035,MORAL STORIES OF GRANDMA (PB),Mark,BPI INDIA PVT LTD,0
9789351215042,TALES OF TEMarkLI RAMAN,Mark,BPI INDIA PVT LTD,0
9789351215059,STOIRES FROM PANCHTANTRA,Mark,BPI INDIA PVT LTD,0
9789351215066,MORAL STORIES OF GRANDPA (PB),Mark,BPI INDIA PVT LTD,0
9789351215073,AESOOPS FABLES (PB),Mark,BPI INDIA PVT LTD,0
9789351215080,TALES FROM THE ARABIAN NIGHTS (PB),Mark,BPI INDIA PVT LTD,1
9789351214830,MORE FAIRY TALES,Mark,BPI INDIA PVT LTD,1
9789351214809,GRANDMA STORIES,Mark,BPI INDIA PVT LTD,1
9789351214748,MORE AESOPS FABLES,Mark,BPI INDIA PVT LTD,1
9789351214724,FAIRY TALES,Mark,BPI INDIA PVT LTD,0
9789351216308,COPY COLOURING -1,Mark,BPI INDIA PVT LTD,0
9789351216315,COPY COLURING -2,Mark,BPI INDIA PVT LTD,0
9789351216322,COPY COLURING -3,Mark,BPI INDIA PVT LTD,0
9789351216339,COPY COLOURING -4 (64 PP),Mark,BPI INDIA PVT LTD,0
9789351214700,ADVENTURE STORIES,Mark,BPI INDIA PVT LTD,0
9789351214427,UNCLE TELL ME A STORY,Mark,BPI INDIA PVT LTD,0
9789351214403,AESOPS FABLES,Mark,BPI INDIA PVT LTD,0
9789351213703,THE JUNGLE BOOK,Mark,BPI INDIA PVT LTD,1
9789351213710,THE WIZARD OF OZ,Mark,BPI INDIA PVT LTD,1
9789351213727,THE ADVENTURE OF ROBIN HOOD,Mark,BPI INDIA PVT LTD,1
9789351213734,TREASURE ISLAND,Mark,BPI INDIA PVT LTD,1
9789351213758,1001 WORDS IN PICTURE BOOK,Mark,BPI INDIA PVT LTD,0
9789351213765,MY FIRST WORK BOOK,Mark,BPI INDIA PVT LTD,0
9789351211594,DORAEMON SUPER ACTIVITIES,Mark,BPI INDIA PVT LTD,0
9789351211617,DORAEMON SUPER ACTIVITIES,Mark,BPI INDIA PVT LTD,0
9789351213031,STUDENT ENGLISH COMPOSITION,Mark,BPI INDIA PVT LTD,1
9789351213666,THE ADVENTURES OF TOM SAWYER,Mark,BPI INDIA PVT LTD,1
9788184972214,GRK AND THE HOT DOG TRAIL,Mark,BPI INDIA PVT LTD,0
9788184970593,SCIENCE ACTIVITIES -1,Mark,BPI INDIA PVT LTD,1
9788184970609,SCIENCE ACTIVITES-2,Mark,BPI INDIA PVT LTD,1
9788184970616,SCIENCE ACTIVITIES,Mark,BPI INDIA PVT LTD,1
9789381213673,ALICE  IN WONDERLAND,Mark,BPI INDIA PVT LTD,0
9789386360403,THE JUNGLE BOOK,Mark,BPI INDIA PVT LTD,0
9788176938761,LIFE AROUND US,Mark,BPI INDIA PVT LTD,0
9788176938778,OUR SPACE,Mark,BPI INDIA PVT LTD,0
9788176937818,THE PROUD DONKEY,BPI,BPI INDIA PVT LTD,5
9788176938723,INSPRING DISCOVERIES,Mark,BPI INDIA PVT LTD,0
9788176938730,EXPLORING THE WONDER OF THE,Mark,BPI INDIA PVT LTD,0
9788176938747,MODES OF TRANSPORTS,Mark,BPI INDIA PVT LTD,0
9788184971880,THE CURSE OF SMarkKES,HELLION,BPI INDIA PVT LTD,0
9789351213680,THE ADVENTURES  OF HUCKLEBERRY,Mark,BPI INDIA PVT.LTD.,1
9789351213697,GULLIVER TRAVELS,Mark,BPI INDIA PVT.LTD.,1
9789351215264,UNCLE TOM`S CABIN,Mark,BPI INDIA PVT.LTD.,0
9789351215271,WUTHERING HEIGHTS,Mark,BPI INDIA PVT.LTD.,0
9789351215288,DAVID COPPER FIELD,Mark,BPI INDIA PVT.LTD.,0
9789351215318,PETER PAN,"""Che"" Guevara",BPI INDIA PVT.LTD.,0
9789351215769,IVANHOE,Mark,BPI INDIA PVT.LTD.,0
9789351215778,KIDMarkPPED,3Mark,BPI INDIA PVT.LTD.,0
9789351215820,ROBINSON CRUSOE,Mark,BPI INDIA PVT.LTD.,0
9789351215837,THE ADVENTURE OF HUCHLEBERRY FINN......,Mark,BPI INDIA PVT.LTD.,0
9789351215899,THE COUNT OF  MONTE CRISTO,Mark,BPI INDIA PVT.LTD.,0
9789351215912,THE HUNCHBACK OF NORTH DAME,Mark,BPI INDIA PVT.LTD.,0
9789351216056,LITTLE ARTIST ART AND CRAFT 5-1,Mark,BPI INDIA PVT.LTD.,0
9788187902201,CONTINENTAL CUISINE FOR INDIA,KIKKY SIHOTA,BRIJBASI,0
9781742119427,MY FIRST 50 ANIMALS,Mark,BRIMAX PUBLISHING,4
9780767905923,TUESDAYS WITH MORRIE,Mitch Albom,BROADWAY BOOKS,1
9789383186389,RBI GRADE - B OFFICERS EXAM PHASE -1(HINDI),BSC,BSC PUBLICATION,5
9789383186778,30 PRACTICE SETS IBPS (CWE) PO/MT MAIN  HINDI,BSC,BSC PUBLICATION,4
9789383186785,20 MOCK TESTS IBPS CLERK RRB ORRICE ASSIS(PREY) HINDI,BSC,BSC PUBLICATION,2
9789383186891,20 MOCK TEST SBI PO ENTRANCE EXAM (H) 2017,Mark,BSC PUBLICATION,0
9789383186426,IBPS - CWE CLERK SPEED TESTS NUMERICAL ABILITY,Mark,BSC PUBLICATION,2
9789383186457,IBPS- CWE CLERK SPEED TESTS REASONING,Mark,BSC PUBLICATION,0
9789383186464,IBPS- CWE CLERK SPEED TESTS REASONING(HINDI),Mark,BSC PUBLICATION,10
9789383186044,SSC PRE PAPER CGL  LDC(10+2),Mark,BSC PUBLICATION,0
9789383186051,SSC PRE PAPER LDC 10+2(HINDI),Mark,BSC PUBLICATION,0
9789383186365,IBPS-CWE PO/MT SPEED TEST GENRAL ENGLISH,Mark,BSC PUBLICATION,0
9789383186907,BE A HUMAN CALCULATOR,RAJESH SARSWAT,BSC PUBLICATION,1
9789383186815,"PRACTICE WORKBOOK IBPS CWE RRB OFFICER SCALE-I,11&111 MAIN EXAM (E)/2018",Mark,BSC PUBLICATION,2
9789383186822,P- W/BOOK IBPS CWE RRB OFFICER SCALE -I &111 (MAIN EXAM) (H)/2018,Mark,BSC PUBLICATION,10
9789383186884,20 MOCK TESTS RBI ASSISTANT(PRELI) HINDI,Mark,BSC PUBLICATION,1
9789383186563,SBI PO PRACTICE WORKBOOK NEW/E HINDI(MAIN)2018,Mark,BSC PUBLICATION,10
9789383186594,30 MOCK TESTS IBPS CWE PO/ MT,K KUMDAN,BSC PUBLICATION,1
9789383186648,20 MOCK TEST IBPS BANK CLERK MAIN EXM (HINDI),Mark,BSC PUBLICATION,0
9789383186662,20 MOCK TESTS IBPS SO EXAM SPECIALIST OFFICER(HINDI),Mark,BSC PUBLICATION,2
9789383186716,SBI CLERICAL PRI EXAM PRACTICE WORBOOK (20 MOCK TESTS) NEW,Mark,BSC PUBLICATION,5
9789383186723,SBI CLERK EXAM HINDI PRELIY/MAIN,Mark,BSC PUBLICATION,10
9789383186730,20 MOCK TESTS SBI CLERICAL MAINS EXAM,K KUNDAN,BSC PUBLICATION,10
9789383186747,20 MOCK TEST SBI CLERICAL ENTRANCE EXAMIMarkTION (H),Mark,BSC PUBLICATION,2
9789383186761,ADVANCED VERBAL REASONING,k kundan,BSC PUBLICATION,4
9789383186273,SSC SPEED TESTS ENGLISH LANGUAGE,Mark,BSC PUBLICATION,0
9789383186495,SSC ADVANCE MATH (HINDI),Mark,BSC PUBLICATION,0
9789383186501,A PRIMER ON BANKING & FIMarkNCE,JAVED R.SIDDIQEE,BSC PUBLICATION,2
9789383186532,20 MOCK TESRS SSC COMBINED GRADUATE LEVEL EXAM TIER - 1,Mark,BSC PUBLICATION,0
9781847940681,EXECUTION,Ram Charan,BUSINESS BOOKS,2
9789381425039,THE SME WHITEBOOK 2012-13,Mark,BUSINESSWORLD,0
9789381425077,THE MARKETING WHITE BOOK 2014-15,Mark,BUSINESSWORLD,4
9788172763657,RAMAYAMark,C. RAJAGOPALACHARI,BVB,5
9788172764760,MAHABHARATA,Mark,BVB,4
9788175962194,CLASS ROOM LANGUAGE,-,CAMBRIDGE UNIVERSITY PRESS,0
9788175964938,CAMBRIDGE PREPARATION FOR THE TOEFL TEST 4 ED  (BOOK + 8 ACDS + 1 CD ROM),Gear,CAMBRIDGE UNIVERSITY PRESS,0
9788175960299,ESSENTIAL ENGLISH GRAMMER SECOND EDITION,RAYMOND MURPHY,CAMBRIDGE UNIVERSITY PRESS,10
9781107649941,ENGLISH GRAMMAR IN USE FOURTH EDITION WITH ANSWERS,MURPHY,CAMBRIDGE UNIVERSITY PRESS,1
9781107659728,A HISTORY OF MODERN INDIA,ISHITA BANERJEE,CAMBRIDGE UNIVERSITY PRESS,0
9781107669208,ENGLISH PRONOUNCING DICTIOMarkRY,DANIEL JONES,CAMBRIDGE UNIVERSITY PRESS,0
9781107670266,ENGLISH GRAMMAR IN USE (PB+CD-ROM) FOURTH EDITION,MURPHY,CAMBRIDGE UNIVERSITY PRESS,2
9781107525528,ESSENTIAL GRAMMAR IN USE (ENGLISH - HINDI),SHURVE,CAMBRIDGE UNIVERSITY PRESS,1
9780521736367,ENGLISH VOCABULARY IN USE   UPPER INTERMEDIATE (CLPE) (S + CD ROM),McCarthy,CAMBRIDGE UNIVERSITY PRESS,0
9780521736374,ENGLISH VOCABULARY IN USE   ADVANCED (BOOK + CD ROM),McCarthy,CAMBRIDGE UNIVERSITY PRESS,0
9780521736428,CAMBRIDGE VOCABULARY FOR IELTS WITH ANSWERS,Cullen,CAMBRIDGE UNIVERSITY PRESS,2
9780521745130,NEW INSIGHT INTO IELTS STUDENT?S BOOK WITH ANSWERS (S + ACD),Jakeman,CAMBRIDGE UNIVERSITY PRESS,0
9780521186315,IELTS:- 7 (S + 2 ACDS),-,CAMBRIDGE UNIVERSITY PRESS,2
9780521677004,CAMBRIDGE IELTS -2,-,CAMBRIDGE UNIVERSITY PRESS,4
9780521678636,CAMBRIDGE  IELTS 4 (S + 2 ACDS),-,CAMBRIDGE UNIVERSITY PRESS,4
9780521678728,IELTS :-3 (S + 2 ACDS),-,CAMBRIDGE UNIVERSITY PRESS,2
9780521682145,IELTS :-1 (S + 2 ACDS),Jakeman,CAMBRIDGE UNIVERSITY PRESS,5
9780521700511,CAMBRIDGE IELTS-5,-,CAMBRIDGE UNIVERSITY PRESS,2
9780521702430,CAMBRIDGE IDIOMS DICTIOMarkRY,-,CAMBRIDGE UNIVERSITY PRESS,0
9780521706117,CAMBRIDGE GRAMMAR FOR IELTS WITH ANSWERS,Hopkins,CAMBRIDGE UNIVERSITY PRESS,1
9780521720212,CAMB.IELTS VOL. 6,-,CAMBRIDGE UNIVERSITY PRESS,7
9780521133890,ESSENTIAL GRAMMAR IN USE 3 ED  (BOOK + CD ROM),Murphy,CAMBRIDGE UNIVERSITY PRESS,0
9788190227247,TRAMJATRA IMAGINING MELBOURNE AND KOLKATA BY TRAMWAYS (YODA PRESS),Douglas,CAMBRIDGE UNIVERSITY PRESS,0
9788184952650,VEDIC MATHEMATICE MADE EASY,Mark,CAMBRIDGE UNIVERSITY PRESS,0
9781107572799,PANORAMA HISPANOHABLANTE STUDENTS BOOK 1,Mark,CAMBRIDGE UNIVERSITY PRESS,0
9781107612310,CAMBRIDGE IGCSE ECONOMICS WORKBOOK,GRANT,CAMBRIDGE UNIVERSITY PRESS,0
9781316603932,CAMBRIDGE SCHOOL GRAMMAR 2 STUDENTS BOOK 2ND EDITION,INDIRA SRINIVASAN,CAMBRIDGE UNIVERSITY PRESS,1
9781316603949,CAMBRIDGE SCHOOL GRAMMAR 3 STUDENTS BOOK 2ND ED.,NIRMALA JAIRAJ,CAMBRIDGE UNIVERSITY PRESS,1
9781316604793,EXPLORING GENERAL KNOWLEDGE 2 STUDENT BOOK,MarkVIN JAYAKUMAR,CAMBRIDGE UNIVERSITY PRESS,1
9781316604830,EXPLORING GENERAL KNOWLEDGE 4 STUDENT BOOK,MarkVIN JAYAKUMAR,CAMBRIDGE UNIVERSITY PRESS,1
9781316627303,CAMBRIDGE IELTS -- 11 ACADEMIC WITH ANS.,AUTHENTIC EXAMIMarkTION PAPERS,CAMBRIDGE UNIVERSITY PRESS,7
9781316627310,CAMBRIDGE IELTS -- 11 GENERAL TRAINING,AUTHENTIC EXAMIMarkTION,CAMBRIDGE UNIVERSITY PRESS,10
9781316643426,COMMUNICATE WITH CAMBRIDGE LITERATURE READER LEVEL-6,C.L.N. PRAKASH,CAMBRIDGE UNIVERSITY PRESS,1
9781107683938,ENGLISH VOCABULARY IN USE PRE-INTERMEDIATE & INTERMEDIATE,STUART REDMAN,CAMBRIDGE UNIVERSITY PRESS,1
9781107442771,THE OFFICIAL CAMBRIDGE GUIDE TO IELTS,PAULINE CULLEN,CAMBRIDGE UNIVERSITY PRESS,10
9781107631724,"CAMBRIDGE SEMESTER BOOK : BOOK 2, SEMESTER 1 TEACHER MANUAL",CHAKRAVARTI,CAMBRIDGE UNIVERSITY PRESS,0
9781107639768,CAMBRIDGE INTERMarkTIOMarkL AS & A LEVEL ECONOMICS TEACHERS RESOURSEBOOK,Mark,CAMBRIDGE UNIVERSITY PRESS,0
9781107644403,IELTS 9 WITH ANSWERS,CAMBRIDGE ESOL,CAMBRIDGE UNIVERSITY PRESS,8
9788175961234,THE LITTLE RED HEN,Rose,CAMBRIDGE UNIVERSITY PRESS,0
9781316636558,CAMBRIDGE IGCSE : ENGLISH AS A SECOND LANGUAGE COURSEBOOK,LUCANTONI,CAMBRIDGE UNIVERSITY PRESS,0
9781316619957,IELTS LIFE SKILLS A1 OFFICIAL CAMBRIDGE TEST PRACTICE WITH ANSWER AND CD-ROM,MARY MATHEWS,CAMBRIDGE UNIVERSITY PRESS,0
9781316619995,IELTS LIFE SKILLS B1 CAMBRIDGE TEST PRACTICE WITH ANSWERS AND CD-ROM,ANTHONY COSGROVE,CAMBRIDGE UNIVERSITY PRESS,0
9781316509012,CAMBRIDGE ENGLISH IELTS 10,Mark,CAMBRIDGE UNIVERSITY PRESS,4
9781107504448,"CAMBRIDGE ADVANCED LEARNERS DICTIOMarkRY,4ED (PB+CD-ROM)",CUP,CAMBRIDGE UNIVERSITY PRESS,0
9788190751568,THE TEMPEST,Mark,CAMPFIRE,0
9781847674890,CHANGE WE CAN BELIEVE IN,BARACK OBAMA,CANONGATE,0
9780984782864,CRACKING THE CODING INTERVIEW (INDIAN ED.),Gayle Laakmann McDowell,CAREERCUP,0
9788131519592,NEW PATTERN PHYSICS FOR JEE(ADVANCED),Mark,CEMarkGE LEARNING,0
9788131527979,DATA INTERPRETATION AND DATA SUFFICI,D.K.SINHA,CEMarkGE LEARNING,0
9788131527993,LOGICAL REASONING FOR CAT 2E,D.K.SINHA,CEMarkGE LEARNING,1
9788131528006,"QUANTITATIVE APTITUTDE FOR CAT, 2E","DINESH K. SINHA,SHA",CEMarkGE LEARNING,0
9788131532379,OBJECTIVE PHYSICS FOR JEE CLASS XII,B.M.SHARMA,CEMarkGE LEARNING,0
9789387994126,CHEMISTRY NEET FOR EVERYONE PART-2,Mark,CEMarkGE LEARNING,4
9788131521632,CRASH COURSE IN PHYSICS FOR JEE(MAIN),B.M.SHARMA,CEMarkGE LEARNING,0
9788131523780,NTSE VOL:II SCIENCE. MATHEMATICS. SOCIAL SCIENCE,.,CEMarkGE LEARNING,10
9788131520512,"LEGAL ASPECT OF BUSINESS, 3/E",KUMAR,CEMarkGE LEARNING,0
9788131520727,INTERMarkTIOMarkL MARKETING,Mark,CEMarkGE LEARNING,0
9788131516201,THEORY OF ORGANIZATION DEVELOPMENT A CUMMINGS,.,CEMarkGE LEARNING,0
9788131500484,OPERATIONS MAMarkGEMENT WITH CD,GAITHER,CEMarkGE LEARNING,0
9788131502006,THE 8051 MICROCONTROLLER WITH CD,AYALA,CEMarkGE LEARNING,0
9788131506554,DATA STRUCTURE AND ALGORITHMS IN JAV,Mark,CEMarkGE LEARNING,0
9788131514047,Physics for Scientists and Engineers with Modern Physics,JEWETT,CEMarkGE LEARNING,0
9788131526309,GRAPHS FOR JEE (MAIN&ADVANCED),TEWANI,CENGAGE LEARNING INDIA PVT. LTD.,0
9788131526521,MATHEMATICS FOR JEE(ADVANCED) TRIGONOMETRY,TEWANI,CENGAGE LEARNING INDIA PVT. LTD.,0
9788131533772,INORGANIC CHEMISTRY FOR JEE(ADVANCED): PART 2,Mark,CENGAGE LEARNING INDIA PVT. LTD.,0
9788131533840,MECHANICS I : PHYSICS FOR JEE(ADVANCED),Mark,CENGAGE LEARNING INDIA PVT. LTD.,5
9788131533857,MECHANICS II : PHYSICS FOR JOINT ENTRACE EXAMIMarkTION JEE ADVANCED,Mark,CENGAGE LEARNING INDIA PVT. LTD.,2
9788131533925,VECTOR & 3D GEOMETRY : MATHEMATICS FOR JEE(ADVANCED),Mark,CENGAGE LEARNING INDIA PVT. LTD.,0
9788131533963,PHYSICAL CHEMISTRY OF JEE (ADVANCED): PART 2,Mark,CENGAGE LEARNING INDIA PVT. LTD.,10
9788131533970,ORGANIC CHEMISTRY FOR JEE(ADVANCED): PART 1,Mark,CENGAGE LEARNING INDIA PVT. LTD.,1
9788131519073,CRASH COURSE IN CHEMISTRY JEE(MAIN),M.VERMA,CENGAGE LEARNING INDIA PVT. LTD.,0
9788131553987,ORGANIC CHEMISTRY FOR JEE (ADVANCED): PART 2,Mark,CENGAGE LEARNING INDIA PVT. LTD.,0
9789387511057,CONSTITUTION OF INDIA NEW ED.,M. LAXMIKANTH,CENGAGE LEARNING INDIA PVT. LTD.,10
9789387511323,PHYSICS ELECTROSTATICS AND CURRENT ELECTICITY 2018,Mark,CENGAGE LEARNING INDIA PVT. LTD.,10
9789387511330,PHYSICS MAGNETISM AND ELECTROMAGNETIC INDUCTION 2018,Mark,CENGAGE LEARNING INDIA PVT. LTD.,10
9789387511347,PHYSICS MECHANICS I  2018 JEE,Mark,CENGAGE LEARNING INDIA PVT. LTD.,4
9789387511354,PHYSICS MECHANICS II  2018 JEE,Mark,CENGAGE LEARNING INDIA PVT. LTD.,10
9789387511361,PHYSICS OPTICS & MODERN PHYSICS 2018,Mark,CENGAGE LEARNING INDIA PVT. LTD.,2
9789387511378,PHYSICS WAVES & THERMODYMarkMICS 2018,Mark,CENGAGE LEARNING INDIA PVT. LTD.,0
9789387511385,MATHEMATICS ALGEBRA 2018,Mark,CENGAGE LEARNING INDIA PVT. LTD.,8
9789387511392,MATHEMATICS CALCULUS 2018,Mark,CENGAGE LEARNING INDIA PVT. LTD.,10
9789387511408,MATHEMATICS COORDIMarkTE GEOMETRY 2018,Mark,CENGAGE LEARNING INDIA PVT. LTD.,10
9789387511415,MATHEMATICS TRIGONOMETRY 2018,Mark,CENGAGE LEARNING INDIA PVT. LTD.,10
9789387511422,MATHEMATICS VECTORS & 3D GEOMETRY 2018,Mark,CENGAGE LEARNING INDIA PVT. LTD.,1
9789387511439,INORGANIC CHEMISTRY PART-I 2018,Mark,CENGAGE LEARNING INDIA PVT. LTD.,10
9789387511446,INROGANIC CHEMISTRY PART-II 2018,Mark,CENGAGE LEARNING INDIA PVT. LTD.,7
9789387511453,PHYSICAL CHEMISTRY PART-I 2018,Mark,CENGAGE LEARNING INDIA PVT. LTD.,10
9789387511460,PHYSICAL CHEMISTRY PART-II 2018,Mark,CENGAGE LEARNING INDIA PVT. LTD.,8
9789387511477,ORGANIC CHEMISTRY PART-I 2018,Mark,CENGAGE LEARNING INDIA PVT. LTD.,10
9789387511484,ORGANIC CHEMISTRY PART-II 2018,Mark,CENGAGE LEARNING INDIA PVT. LTD.,10
9788131514917,PHYSICS FOR JEE/ISEET:MAGNETISM&E,SHARMA,CENGAGE LEARNING INDIA PVT. LTD.,0
9788131517031,PHYSICAL CHEMISTRY FOR JEE/ISEET,-,CENGAGE LEARNING INDIA PVT. LTD.,0
9788131517277,10YEARS SO PAPERS GATE INSTRUMENTATION,Mark,CENGAGE LEARNING INDIA PVT. LTD.,0
9788131520741,CONTEMPORARY ABSTRACT ALGEBRA,JOSEPH A.GALLIAN,CENGAGE LEARNING INDIA PVT. LTD.,1
9788131530306,BULLS EYE BIOLOGY FOR NEET,Mark,CENGAGE LEARNING INDIA PVT. LTD.,0
9789387511996,PHYSICS FOR JEE MAIN (2018),B.M. SHARMA,CENGAGE LEARNING INDIA PVT. LTD.,2
9789387994133,PHYSICS NEET FOR EVERYONE PART 1,CP SINGH,CENGAGE LEARNING INDIA PVT. LTD.,2
9789387994140,PHYSICS NEET FOR EVERYONE : PART 2,CP SINGH,CENGAGE LEARNING INDIA PVT. LTD.,0
9789387994003,MATHEMATICS FOR JEE MAIN (2018),G TEWANI,CENGAGE LEARNING INDIA PVT. LTD.,2
9789387994119,CHEMISTRY NEET FOR EVERYONE : PART 1,RAJIV SHARMA,CENGAGE LEARNING INDIA PVT. LTD.,0
9789387511989,CHEMISTRY FOR JEE MAIN (2018),K.S. SAINI,CENGAGE LEARNING INDIA PVT. LTD.,1
9789386650016,OBJECTIVE PHY NEET- XI,SHARMA,CENGAGE LEARNING INDIA PVT. LTD.,0
9789386650771,CHAPTERWISE SOLS OF CHEMISTRY JEE MA,SEEMA SAINI,CENGAGE LEARNING INDIA PVT. LTD.,10
9789386650788,CHAPTERWISE SOLS OF PHYSICS JEE MAIN,B.M. SHARMA,CENGAGE LEARNING INDIA PVT. LTD.,10
9789386650795,CHAPTERWISE SOLS OF MATHS FOR JEE,TEWANI,CENGAGE LEARNING INDIA PVT. LTD.,10
9789386650818,CHAPTERWISE PROB & SOL FOR NEET 2017 PAPER,B.M.SHARMA,CENGAGE LEARNING INDIA PVT. LTD.,1
9789386858368,BITSAT 2018,B.M.SHARMA,CENGAGE LEARNING INDIA PVT. LTD.,0
9789386858467,INDIAN POLITY FOR CIVIL SERVICES EXAMIMark PREPMATE,Mark,CENGAGE LEARNING INDIA PVT. LTD.,1
9789386858474,GEOGRAPHY FOR CIVIL SERVICES EXAMIMark PREPMATE,Mark,CENGAGE LEARNING INDIA PVT. LTD.,1
9789386858481,ECONOMICS FOR CIVIL SERVICES EXAMIMark PREPMATE,Mark,CENGAGE LEARNING INDIA PVT. LTD.,0
9789386858498,MODERN HISTORY FOR CIVIL SERVICES EXAMIMark PREPMATE,Mark,CENGAGE LEARNING INDIA PVT. LTD.,1
9789386858504,ENVIRONMENT AND BIODIVERSITY FOR CIV PREPMATE,Mark,CENGAGE LEARNING INDIA PVT. LTD.,2
9789386858511,ANCIENT AND MEDIEVAL HISTORY & CULTU PREPMATE,Mark,CENGAGE LEARNING INDIA PVT. LTD.,1
9789386858528,GENERAL SCIENCE FOR CIVIL SERVICES E PREPMATE,Mark,CENGAGE LEARNING INDIA PVT. LTD.,0
9789386858535,INTERMarkTIOMarkL ORGANIZATIONS AND BILA PREPMATE,Mark,CENGAGE LEARNING INDIA PVT. LTD.,1
9789386858542,GENERAL STUDIES PAPER II (CSAT) FOR CI PREPMATE,Mark,CENGAGE LEARNING INDIA PVT. LTD.,1
9789386858559,SCIENCE AND TECHNOLOGY FOR CIVIL SER PREPMATE,Mark,CENGAGE LEARNING INDIA PVT. LTD.,1
9789386858566,10 PRACTICE TESTS BITSAT,Mark,CENGAGE LEARNING INDIA PVT. LTD.,1
9789386858573,PRACTICE NEET CHEMISTRY,SEEMA SAINI,CENGAGE LEARNING INDIA PVT. LTD.,0
9789386858580,PRACTICE NEET PHYSICS,BM SHARMA,CENGAGE LEARNING INDIA PVT. LTD.,0
9789386858597,PRACTICE NEET BIOLOGY,ANIMESH TRIPATHI,CENGAGE LEARNING INDIA PVT. LTD.,0
9789386858603,CHAPTERWISE SOLUTIONS OF AIIMS MBBS,SEEMA SAINI,CENGAGE LEARNING INDIA PVT. LTD.,2
9789386858610,NEW PATTERN CHEMISTRY FOR JEE MAIN A,Mark,CENGAGE LEARNING INDIA PVT. LTD.,0
9789386858627,NEW PATTERN MATHEMATICS FOR JEE MAIN,Mark,CENGAGE LEARNING INDIA PVT. LTD.,0
9789386858634,NEW PATTERN PHYSICS FOR JEE MAIN & ADVAD,Mark,CENGAGE LEARNING INDIA PVT. LTD.,0
9789386858665,CRASH COURSE IN BIOLOGY FOR NEET,Mark,CENGAGE LEARNING INDIA PVT. LTD.,0
9789386858672,CRASH COURSE IN CHEMISTRY FOR NEET,Mark,CENGAGE LEARNING INDIA PVT. LTD.,0
9789386858689,CRASH COURSE IN PHYSICS FOR NEET,Mark,CENGAGE LEARNING INDIA PVT. LTD.,1
9789386858818,CSAT ESSENTIALS 2018 PAPER II,RANJAN,CENGAGE LEARNING INDIA PVT. LTD.,1
9788131530501,PHYSICS FOR NEET VOL.I,C.P. SINGH,CENGAGE LEARNING INDIA PVT. LTD.,5
9788131530566,PHYSICS FOR JEE (ADVANCED): MAGNETISM,B.M. SHARMA,CENGAGE LEARNING INDIA PVT. LTD.,1
9788131530603,MATHEMATICS FOR JEE (ADVANCED): ALGEBRA VOL-1,G TEWANI,CENGAGE LEARNING INDIA PVT. LTD.,1
9788131530665,INORGANIC CHEMISTRY FOR JEE (ADVANCE) VOL-1,K.S.VERMA,CENGAGE LEARNING INDIA PVT. LTD.,1
9788131530672,INROGANIC CHEMISTRY FOR JEE (ADVANCE) VOL-2,K.S. VERMA,CENGAGE LEARNING INDIA PVT. LTD.,1
9788131530689,ORGANIC CHEMISTRY FOR JEE (ADVANCED) VOL-1,K.S. VERMA,CENGAGE LEARNING INDIA PVT. LTD.,0
9788131531055,21 FULL LENGTH TESTS FOR NEET,B.M. SHARMA,CENGAGE LEARNING INDIA PVT. LTD.,5
9788131531372,PHYSICS FOR JEE MAIN (2016),B.M. SHARMA,CENGAGE LEARNING INDIA PVT. LTD.,0
9788131531389,CHEMISTRY FOR JEE MAIN (2016),K.S. SAINI,CENGAGE LEARNING INDIA PVT. LTD.,0
9788131531419,LOGARITHM AND ITS APPLICATIONS,G.TEWANI,CENGAGE LEARNING INDIA PVT. LTD.,0
9788131531426,PROBLEMS AND SOLUTIONS IN ORGANIC CHEMISTRY FOR JEE (MAIN & ADVANCED),SURENDRA K MISHRA,CENGAGE LEARNING INDIA PVT. LTD.,1
9788131531457,CHEM NEET(XI),Mark,CENGAGE LEARNING INDIA PVT. LTD.,1
9788131532072,BIO NEET (XI),HARIOM GANGWAR,CENGAGE LEARNING INDIA PVT. LTD.,0
9788131532089,BIO NEET (XII),HARIOM GANGWAR,CENGAGE LEARNING INDIA PVT. LTD.,0
9788131532164,PHYSICS NEET: CLASS XII,Mark,CENGAGE LEARNING INDIA PVT. LTD.,0
9788131518908,CRASH COURSE IN PHYSICS FOR JEE MAIN,Mark,CENGAGE LEARNING INDIA PVT. LTD.,0
9788131514306,GRAPHS FOR JEE MAIN & ADVANCED,TEWANI,CENGAGE LEARNING INDIA PVT. LTD.,1
9788131514672,SOFT SKILLS FOR EVERYONE,BUTTERFIELD,CENGAGE LEARNING INDIA PVT. LTD.,1
9788131534076,BULLS EYE CHEMISTRY FOR NEET,SEEMA,CENGAGE LEARNING INDIA PVT. LTD.,0
9788131534083,BULLS EYE PHYSICS FOR NEET,BM SHARMA,CENGAGE LEARNING INDIA PVT. LTD.,0
9788131534181,A TO Z BIOLOGY FOR NEET CLASS XI,Mark,CENGAGE LEARNING INDIA PVT. LTD.,2
9788131534205,A TO Z CHEMISTRY FOR NEET CLASS XI,Mark,CENGAGE LEARNING INDIA PVT. LTD.,0
9788131534229,A TO Z PHYSICS FOR NEET CLASS XI,Mark,CENGAGE LEARNING INDIA PVT. LTD.,2
9788131534281,CHEMISTRY NEET FOR EVERYONE PART 1,RAJIV SHARMA,CENGAGE LEARNING INDIA PVT. LTD.,0
9788131534298,CHEMISTRY NEET FOR EVERYONE PART 2,Mark,CENGAGE LEARNING INDIA PVT. LTD.,0
9788131534311,PHYSICS FOR NEET FOR EVERYONE PART 2,CP SINGH,CENGAGE LEARNING INDIA PVT. LTD.,0
9788131534328,CHEMISTRY FOR JEE MAIN 2017,K.S.SAINI,CENGAGE LEARNING INDIA PVT. LTD.,1
9788131534342,PHYSICS FOR JEE MAIN 2017,B.M.SHARMA,CENGAGE LEARNING INDIA PVT. LTD.,1
9788131534380,COMPLETE CHEMISTRY FOR JEE MAIN,Mark,CENGAGE LEARNING INDIA PVT. LTD.,0
9788131534410,"CHAPTERWISE SOL FOR JEE MAIN 16 YEARS PHY ,CHY,MATH",B.M.SHARMA,CENGAGE LEARNING INDIA PVT. LTD.,5
9788131534489,OBJECTIVE BIO NEET- XII,GANGWAR,CENGAGE LEARNING INDIA PVT. LTD.,0
9788131534496,OBJECTIVE CHEMISTRY NEET X1,SEEMA SAINI,CENGAGE LEARNING INDIA PVT. LTD.,0
9788131532409,OBJECTIVE MATHEMATICS FOR JEE CLASS XI,G.TEWANI,CENGAGE LEARNING INDIA PVT. LTD.,0
9788131532607,21 TEST PAPERS FOR NEET,"SHARMA,SAINI",CENGAGE LEARNING INDIA PVT. LTD.,1
9788131532812,NCERT EXEMPLAR PROBLEMS & SOLUTIONS PHYSICS CLASS XII,Mark,CENGAGE LEARNING INDIA PVT. LTD.,0
9788131532881,NCERT EXEMPLAR PROBLEMS & SOLUTIONS MATHEMATICS CLASS XII,Mark,CENGAGE LEARNING INDIA PVT. LTD.,0
9788131529812,PHYSICS FOR JEE (ADVANCED): MECHANICS VOL-1,B.M. SHARMA,CENGAGE LEARNING INDIA PVT. LTD.,0
9788131525647,CRASH COURSE IN CHEMISTRY FOR JEE MAIN,Mark,CENGAGE LEARNING INDIA PVT. LTD.,0
9788131525999,CRASH COURSE IN PHYSICS FOR JEE (MAIN),SHARMA,CENGAGE LEARNING INDIA PVT. LTD.,0
9788131526057,CRASH COURSE IN PHYSICS JEE(ADVANCED),SHARMA,CENGAGE LEARNING INDIA PVT. LTD.,0
9788131527740,FOUNDATION MATHEMATICS FOR CLASS X (BASE),Mark,CENGAGE LEARNING INDIA PVT. LTD.,0
9788131527757,FOUNDATION SCIENCE FOR CLASS X PHY/CHY/BIOY(BASE),Mark,CENGAGE LEARNING INDIA PVT. LTD.,0
9788131527764,FOUNDATION SCIENCE FOR CLASS IX PHY/CHY/BIOY(BASE),Mark,CENGAGE LEARNING INDIA PVT. LTD.,0
9788131527788,FOUNDATION SEIENCE FOR CLASS VIII PHY/CHY/BIOY(BASE),Mark,CENGAGE LEARNING INDIA PVT. LTD.,0
9788131527795,FOUNDATION MATHEMATICS FOR CLASS VIII (BASE),Mark,CENGAGE LEARNING INDIA PVT. LTD.,0
9788131523810,BIOLOGY FOR AIPMT VOL - 11,DIXIT,CENGAGE LEARNING INDIA PVT. LTD.,0
9788131522134,N T S E VOLUME 1,Mark,CENGAGE LEARNING INDIA PVT. LTD.,0
9781846057632,"I, MICHAEL BENNETT",JAMES PATTERSON,Century,0
9781846650833,THE TIME MACHINE,H.G. WELLS,CHARLES BAKER,5
9781846650635,THE JUNGLE BOOK,Mark,CHARLES BAKER,1
9781846650734,LITTLE WOMEN,-,CHARLES BAKER,0
9798170112913,A PINCH OF SALT ROCKS AN EMPIRE,Mark,CHILDREN BOOK TRUST,0
8170110122,PANCHATANTRA KI KAHANIYAN-1,,CHILDREN BOOK TRUST,1
8170110335,PANCHATANTRA KI KAHANIYAN-2,,CHILDREN BOOK TRUST,1
8170110580,PANCHATANTRA KI KAHANIYAN-3,,CHILDREN BOOK TRUST,1
8170110904,PANCHATANTRA KI KAHANIYAN-4,,CHILDREN BOOK TRUST,1
8170112311,PANCHATANTRA KI KAHANIYAN(DELUXE),,CHILDREN BOOK TRUST,2
8170115159,LAUT KE BUDDHU GHAR KO AYE,,CHILDREN BOOK TRUST,0
8189750232,MarkITIK KAHANIYAN,,CHILDREN BOOK TRUST,1
8189750283,BANJARA HILL KE BACHCHE,,CHILDREN BOOK TRUST,1
9788170110445,STORIES FROM PANCHATANTRA III,,CHILDREN BOOK TRUST,1
9788170111176,STORIES FROM PANCHATANTRA (DELUXE),Mark,CHILDREN BOOK TRUST,10
9788170116370,THE SECRETS OF INDUS VALLEY,3Mark,CHILDREN BOOK TRUST,0
9788170118190,MY FISH AND I (NEW),Mark,CHILDREN BOOK TRUST,0
9788170118237,SEEPIYAN { HINDI },.,CHILDREN BOOK TRUST,0
9788170119050,PEPALVASI BHOOT AUR ANIYA MarkATAK { H },Mark,CHILDREN BOOK TRUST,0
9788170119531,TIGER AND THE MOSQUITOTHE,Mark,CHILDREN BOOK TRUST,0
9788170119715,MRSWOOLLY'S FUNNY SWEATERS,Mark,CHILDREN BOOK TRUST,5
9788170112495,CHITKU,-,CHILDREN BOOK TRUST,0
9789380280684,UTTARAKHAND KI LOK KATHAYEN (NEW) B,Mark,CHILDREN BOOK TRUST,0
9788183281850,BREATH OF DEATH,SAAD SHAFQAT,CHLOROPHYLL,0
9789386030474,"LEXICON FOR ETHICS,INTEGRITY & APTITUDE",Mark,CHRONICLE BOOKS,5
9789380200309,STEP BY STEP GUIDE TO START INVESTING,Mark,CNBC TV18,0
9789380200460,SETTING THE RIGHT FIMarkCIAL GOAL,ARMarkV PANDYA,CNBC TV18,0
9789380200187,INVEST THE HAPPIOMarkIRE WAY,YOGESH CHABRIA,CNBC TV18,0
9789380200224,MAMarkGE YOUR DEBTS,Mark,CNBC TV18,0
9789380200231,GET RICH A WEALTH PRESCRIPTION FOR DOCTORS,-,CNBC TV18,0
9789380200606,THE ONLY FIMarkNCIAL PLANNING BOOK,AMAR PANDIT,CNBC TV18,5
9789380200712,WINNING INVESTOR'S HANDBOOK,MANISH CHAUHAN,CNBC TV18,0
9789380200736,30-30 RULE TO RETIREMENT,MANISH CHAUHAN,CNBC TV18,0
9789380200743,YOUR MONEY AND YOUR NURTURE IT TO GROW RICH,-,CNBC TV18,0
9789380200767,"THE HAPPIOMarkIRE'S WAY  TO CREATE WEALTH IN A CRASH, SLOWDOWN OR RECESSION",YOGESH CHABRIA,CNBC TV18,0
9789384061197,KAISE STOCK MARKET MAIN NIVAISE KARE (NEW),TV 18 Broadcast Ltd,CNBC TV18,10
9789384061678,SUCEED THE HAPPIMarkIRE AY,Mark,CNBC TV18,7
9788190647946,FIMarkNCIAL PLANNING FOR DOCTORS,AMAR PANDIT,CNBC TV18,0
9788190647953,HappioMarkire's Cash The Crash,Mark,CNBC TV18,0
9788190647939,WHAT YOUR FIMarkNCIAL AGENT WILL TELL YOU BOOK,Mark,CNBC TV18,0
9788193443033,FIMarkNCIAL PLANNING MONEY MAPS & MORE,Mark,CNBC TV18,1
9789384061371,YOU CAN BE RICH WITH GOAL BASED INVESTING,Mark,CNBC TV18,5
9789384061982,LIFE PLANNING FOR RETIREES,Mark,CNBC TV18,8
9789384061999,FIMarkNCIAL PLANNING FOR CHILDERN WITH SP,Mark,CNBC TV18,7
9789384061418,READING THE ROLLER COASER (HINDI),Mark,CNBC TV18,2
9789384061524,YOGIC WEALTH (HINDI),Mark,CNBC TV18,4
9789384061555,IFRS PART1&PART2,Mark,CNBC TV18,1
9789384061586,MY JOURNEY WITH VADA PAV,Mark,CNBC TV18,4
9789384061609,THERE ALWAYS ON A FIMarkNCIAL SOLUTION,Mark,CNBC TV18,1
9789384061623,LIVING WITH DIABITIES,Mark,CNBC TV18,0
9789384061630,IND AS BALANCE SHEET,Mark,CNBC TV18,5
9789384061661,YOUR FIMarkNCIALLY,Mark,CNBC TV18,5
9789383306428,REINVENTING BRAND YOU THE THEATER WATY,Mark,CNBC TV18,0
9789380200644,RETIRE RICH INVEST,Mark,CNBC TV18,4
9789380200477,IFRS,Mark,CNBC TV18,0
9789380200088,RETIRE RICH - HINDI BOOK,Mark,CNBC TV18,0
9789380200002,SYSTEMATIC INVESTMENT PLANNING BOOK,Mark,CNBC TV18,1
9789387860025,INVESTMENT RISK TWO SIDES OF THE SAME COIN,Mark,CNBC TV18,1
9789387860049,PERSOMarkL FIMarkNCE LESSONS FROM THE ICU,Mark,CNBC TV18,1
9789387860063,SABSE BADA RUPAIYA,Mark,CNBC TV18,2
9789387860100,MONEY LIFE AND YOU,Mark,CNBC TV18,0
9789387860124,YOGI ON THE DALAL STREET,Mark,CNBC TV18,1
9789380200262,HAPPIOMarkIRE'S INVESTMENT SECRETS FOR WOMEN,-,CNBC TV18,0
9789380200293,THE SEVEN STEPS TO GET YOUR DREAM HOME,-,CNBC TV18,0
9789380200651,TECHNICAL AMarkLYSIS TRADING MAKING MONEY WITH CHART,Mark,CNBC TV18,8
9789380200927,HOW TO GROW YOUR BUSSINESS AS A FIMarkNCIAL ADVISOR,MarkNDISH DESAI,CNBC TV18,1
9789380200941,YOUR GUIDE TO FIMarkNCE AND INVESTMENTS,SANJAY MATAI,CNBC TV18,0
9789384061005,FUNDAMENTALS OF INVESTING IN EQUITIES & ASSETS,ANUBHA,CNBC TV18,0
9789384061029,FIMarkNCIAL PLANNING ESSENTIALS FOR DOCTORS,-,CNBC TV18,0
9789384061388,FIMarkNCIAL PLANNING FOR NEWLY MARRIED,Mark,CNBC TV18,0
9789384061401,YOGIC WEALTH,GAURAV,CNBC TV18,4
9789384061357,YOUR FIRST JOB - HOW TO MAMarkGE YOUR FIMarkNCES (ENGLISH),Mark,CNBC TV18,0
9781457304255,GETTING FIMarkNCIAL AID 2016,COLLEGE BOARD,COLLEGE BOARD,0
9781457304309,THE OFFICIAL SAT STUDY GUIDE( NO RETURMarkBLE),Mark,COLLEGE BOARD,4
9788123908748,THE THEORY OF MACHINES,THIRD EDITION,COLLEGE BOOK STORE,0
9788123909455,INTRODUCTION TO CHEMICAL EQUIPMENT DESIGN: MECHANICAL ASPECTS,Mark,COLLEGE BOOK STORE,0
9788123904603,"ECONOMIC GEOLOGY :ECONOMIC MINERAL DEPOSITES,2E",PRASAD U,COLLEGE BOOK STORE,0
9789351771876,COMPUTER WORLD 8,MOHINI ARORA,COLLINS,0
9789351772071,ATTITUDE IS EVERYTHING,JEFF KELLER,COLLINS,0
9788188236558,MADAM BILLO,Mark,COLLINS,0
9788187572657,GEM-JAPANESE SCHOOL DICTIOMarkRY-COLLINS,Mark,COLLINS,4
9788172239596,52 LESSONS FOR LIFE,NEPOLEON HILL,COLLINS BUSINESS,0
9780552158978,LEGACY,DANIELLE STEEL,COLLINS BUSINESS,0
9780552162609,THE COBRA,FREDERICK FORSYTH,COLLINS BUSINESS,1
9780552150446,AVENGER,Forsyth  Frederick,COLLINS BUSINESS,0
9780552154727,SISTERS,Steel  Danielle,COLLINS BUSINESS,0
9780552155045,THE AFGHAN,Forsyth  Frederick,COLLINS BUSINESS,1
9780007845811,COLLINS EASY LEARNING SPANISH DICT.,,COLLINS BUSINESS,1
9780007491063,COLLINS COUBUILD HINDI DICTIOMarkRY,.,COLLINS BUSINESS,1
9780007467570,KEY WORDS FOR IELTS BOOK 1:STARTER,Mark,COLLINS BUSINESS,0
9780007467587,KEY WORDS FOR IELTS BOOK 2 : IMPROVER,Mark,COLLINS BUSINESS,0
9780007467594,KEY WORDS FOR IELTS BOOK 3 : ADVANCED,Mark,COLLINS BUSINESS,0
9780007341245,COLLINS GEM ITALIAN DICTIOMarkRY,-,COLLINS BUSINESS,1
9780007341252,GEM SPANISH DICTIOMarkRY,-,COLLINS BUSINESS,0
9780007341283,COLLINS GERMAN DICT.,-,COLLINS BUSINESS,1
9780007341290,COLLINS FRENCH SCHOOL DICTIOMarkRY,-,COLLINS BUSINESS,0
9780552142397,MY FEUDAL LORD,TehmiMark Durrani,COLLINS BUSINESS,0
9780552142458,GIFT  THE,Steel  Danielle,COLLINS BUSINESS,0
9780552145022,LONG ROAD HOME  THE,Steel  Danielle,COLLINS BUSINESS,0
9780552149235,VETERAN  THE,Forsyth  Frederick,COLLINS BUSINESS,1
9780007492183,KEY WORDS FOR THE TOEFL TEST,-,COLLINS BUSINESS,0
9780007492992,SKILLS FOR THE TOEFL IBT TEST,-,COLLINS BUSINESS,0
9780007493500,COLLINS THE MOVING FINGER,AGATHA CHRISTIE,COLLINS BUSINESS,0
9780007493579,COLLINS AFTER THE FUNERAL,AGATHA CHRISTIE,COLLINS BUSINESS,0
9789350292341,EAT. DELETE. HOW TO GET OFF THE WEIGHT LOSS CYCLE FOR GOOD,POOJA MAKHIJA,COLLINS BUSINESS,0
9788192588926,ENGINEERING COLLEGES 2014 - 15,.,COMPETITION REVIEW PVT LTD.,0
9788192588988,CSR CAREERS & COURSES.,CSR,COMPETITION REVIEW PVT LTD.,1
9789384175290,CSR YEAR BOOK 2017 (NO RETURN),Mark,COMPETITION REVIEW PVT LTD.,0
9789384175443,TOP ENGINEERING COLLEGES DIRECTORY 2018-19,CSR,COMPETITION REVIEW PVT LTD.,1
9789384175191,CAREERS & COURSES.,CSR,COMPETITION REVIEW PVT LTD.,5
9785111123970,CSR CAREERS & COURSES,Mark,COMPETITION REVIEW PVT LTD.,0
9789384175276,INDIAN ECONOMY 2016,Mark,COMPETITION REVIEW PVT LTD.,4
9789384175467,CAREER ALMAMarkC YEAR BOOK 2018-2019,CSR,COMPETITION REVIEW PVT LTD.,5
9789384175474,CAREERS & COURSES NEW /E 2018,Mark,COMPETITION REVIEW PVT LTD.,1
9789384175481,GENERAL STUDIES CIVIL SERVICES /NEW,Mark,COMPETITION REVIEW PVT LTD.,0
9789384175436,CSR YEAR BOOK  HINDI 2018,Mark,COMPETITION REVIEW PVT LTD.,1
9789384175498,CSAT SPECIAL ISSUE 2018,CSR,COMPETITION SUCCESS (N),1
9789384175306,CSR YEAR BOOK 2017 (HINDI),Mark,COMPETITION SUCCESS REVIEW,1
9780552152167,NOT WITHOUT NY DAUGHTER,BETTY MAHMOODY,Corgi Children,0
9780552137492,LIGHTNING,Steel  Danielle,Corgi Children,0
9780552139915,ICON,Forsyth  Frederick,Corgi Children,0
9780552562966,A REALLY SHORT HISTORY OF NEARLY EVERYTHING,BILL BRYSON,Corgi Children,0
9780552166188,THE AWARD .,DANIELLE STEEL,Corgi Children,0
9780552553209,ERAGON,Paolini,Corgi Children,1
9780552554107,ELDEST,Paolini,Corgi Children,0
9780552559621,GEORGE AND THE BIG BANG,Mark,Corgi Children,0
9780552154796,FRIENDS FOREVER,DANIEL STEEL,Corgi Children,0
9780552165822,ROGUE,DANIELLE STEEL,Corgi Children,0
9780552155700,SPEICAL DELIVERY,DANIELLE STEEL,Corgi Children,0
9780552168243,FAMILY TIES,DANIELLE STEEL,Corgi Children,0
9780552150040,THE KLONE AND I,DANIELLE STEEL,Corgi Children,0
9788190817431,BHUGOL EK SANCHIPT VIBRAN,MAHESH KUMAR,COSMOS PUBLICATION,0
9788190817424,AAPDA EVAM AAPDA PRABANDAN,VARMarkVAL,COSMOS PUBLICATION,10
9780609608395,WHAT THE CEO WANTS YOU TO KNOW,Ram Charan,CROWN BUSINESS,0
9781405329163,CHINESE ENGLISH VISUAL BILINGUAL DICT.,Mark,D.K,0
9788193026182,INDUSTRIAL AND INFRASTRUCTURE SECURITY PART-II,COL NN BHATIA,DEEP & DEEP,0
9788193026175,INDUSTRIAL AND INFRASTRUCTURE SECURITY PART-I,COL NN BHATIA,DEEP & DEEP PUBLICATIONS,0
9788192778785,OBJECTIVE GENERAL KNOWLEDGE WITH CURRENT AFFAIRS.,Mark,DEEPAK SERIES FOR TEST PREPARATION,0
9788192778792,CURRENT AFFAIRS 49 PRACTICE SETS,Mark,DEEPAK SERIES FOR TEST PREPARATION,0
9781862305274,BOY IN THE STRIPED PYJAMAS  THE,Boyne  John,Definitions,0
9781730155116,SHRI KRISHMark LEELA,Mark,DEREAMLAND,0
9789350891896,MENTAL MATHEMATICS,Mark,DEREAMLAND,0
9789383182008,MATHEMATICS CLASS 10th,R.D. SHARMA,DHANPAT RAI &CO,5
